{"notes":[{"sectionNotes":[[0,2,0],[480,3,375],[960,3,375]],"lengthInSteps":16,"typeOfSection":0,"mustHitSection":false},{"sectionNotes":[[1920,2,0],[2400,3,375],[2880,3,375]],"lengthInSteps":16,"typeOfSection":0,"mustHitSection":true},{"sectionNotes":[[3840,0,375],[4320,3,375],[4800,1,375]],"lengthInSteps":16,"typeOfSection":0,"mustHitSection":false},{"sectionNotes":[[5760,0,375],[6240,3,375],[6720,1,375]],"lengthInSteps":16,"typeOfSection":0,"mustHitSection":true},{"sectionNotes":[[7680,1,150],[8160,3,0],[8400,0,0],[8640,1,150],[8880,1,0],[9000,1,0],[9240,1,0],[9360,1,0]],"lengthInSteps":16,"typeOfSection":0,"mustHitSection":false},{"sectionNotes":[[9600,1,150],[10080,3,0],[10320,0,0],[10560,1,150],[10800,1,0],[10920,1,0],[11160,1,0],[11280,1,0]],"lengthInSteps":16,"typeOfSection":0,"mustHitSection":true},{"sectionNotes":[[11520,0,0],[11760,3,0],[11880,3,0],[12000,3,0],[12240,1,0],[12480,2,375],[12960,2,0],[13080,2,0],[13200,2,0],[13320,2,0]],"lengthInSteps":16,"typeOfSection":0,"mustHitSection":false},{"sectionNotes":[[13440,0,0],[13680,3,0],[13800,3,0],[13920,3,0],[14160,1,0],[14400,2,375],[14880,2,0],[15000,2,0],[15120,2,0],[15240,2,0]],"lengthInSteps":16,"typeOfSection":0,"mustHitSection":true},{"sectionNotes":[[15360,0,0],[15600,3,0],[16080,1,0],[16560,1,0],[16800,1,375],[15840,1,150],[16320,1,150]],"lengthInSteps":16,"typeOfSection":0,"mustHitSection":false},{"sectionNotes":[[17280,0,0],[17520,3,0],[18000,1,0],[18480,1,0],[18720,1,375],[17760,1,150],[18240,1,150]],"lengthInSteps":16,"typeOfSection":0,"mustHitSection":true},{"sectionNotes":[[19200,1,0],[19440,3,0],[19680,0,375],[20160,0,375],[20640,0,375]],"lengthInSteps":16,"typeOfSection":0,"mustHitSection":false},{"sectionNotes":[[21120,1,0],[21360,3,0],[21600,0,375],[22080,0,375],[22560,0,375]],"lengthInSteps":16,"typeOfSection":0,"mustHitSection":true},{"sectionNotes":[[23040,2,0],[23280,3,0],[23520,0,375],[24480,0,375]],"lengthInSteps":16,"typeOfSection":0,"mustHitSection":false},{"sectionNotes":[[24960,2,0],[25200,3,0],[25440,0,375],[26400,0,375],[26640,6,0]],"lengthInSteps":16,"typeOfSection":0,"mustHitSection":true},{"sectionNotes":[[26880,0,0],[27120,3,0],[27600,2,0],[27840,1,75],[28080,2,0],[28200,2,0],[28320,1,375],[28560,6,0]],"lengthInSteps":16,"typeOfSection":0,"mustHitSection":false},{"sectionNotes":[[28800,0,0],[29040,3,0],[29520,2,0],[29760,1,75],[30000,2,0],[30120,2,0],[30240,1,375]],"lengthInSteps":16,"typeOfSection":0,"mustHitSection":true},{"sectionNotes":[[30720,2,375],[31200,3,225],[31680,0,360],[32160,0,420]],"lengthInSteps":16,"typeOfSection":0,"mustHitSection":false},{"sectionNotes":[[32640,2,375],[33120,3,225],[33600,0,360],[34080,0,420]],"lengthInSteps":16,"typeOfSection":0,"mustHitSection":true},{"sectionNotes":[[34560,1,0],[35040,2,0],[35520,1,0],[35760,1,0],[35640,1,0],[36000,2,0]],"lengthInSteps":16,"typeOfSection":0,"mustHitSection":false},{"sectionNotes":[[36480,1,0],[36960,2,0],[37440,1,0],[37680,1,0],[37560,1,0],[37920,2,0]],"lengthInSteps":16,"typeOfSection":0,"mustHitSection":true},{"sectionNotes":[[38400,2,375],[38880,3,150],[39240,3,150],[39600,0,0],[39840,0,375]],"lengthInSteps":16,"typeOfSection":0,"mustHitSection":false},{"sectionNotes":[[40320,2,375],[40800,3,150],[41160,3,150],[41520,0,0],[41760,0,375]],"lengthInSteps":16,"typeOfSection":0,"mustHitSection":true},{"sectionNotes":[[42240,3,1500]],"lengthInSteps":16,"typeOfSection":0,"mustHitSection":false},{"sectionNotes":[[44160,3,1500]],"lengthInSteps":16,"typeOfSection":0,"mustHitSection":true},{"sectionNotes":[[46080,2,0],[46320,3,0],[46560,3,0],[46800,0,0],[47040,0,0],[47280,0,0],[47520,0,375]],"lengthInSteps":16,"typeOfSection":0,"mustHitSection":false},{"sectionNotes":[[48000,2,0],[48240,3,0],[48480,3,0],[48720,0,0],[48960,0,0],[49200,0,0],[49440,0,375],[49680,6,0]],"lengthInSteps":16,"typeOfSection":0,"mustHitSection":true},{"sectionNotes":[[49920,0,0],[50160,3,0],[50640,2,0],[50880,1,75],[51120,2,0],[51360,1,375],[51600,6,0]],"lengthInSteps":16,"typeOfSection":0,"mustHitSection":false},{"sectionNotes":[[51840,0,0],[52080,3,0],[52560,2,0],[52800,1,75],[53040,2,0],[53160,2,0]],"lengthInSteps":16,"typeOfSection":0,"mustHitSection":true},{"sectionNotes":[[53760,2,0],[54000,3,0],[54240,0,0],[54480,2,0],[54720,1,150],[54960,2,0],[55200,1,375]],"lengthInSteps":16,"typeOfSection":0,"mustHitSection":false},{"sectionNotes":[[55680,2,0],[55920,3,0],[56160,0,0],[56400,2,0],[56640,1,150],[56880,2,0],[57120,1,375],[57360,6,0]],"lengthInSteps":16,"typeOfSection":0,"mustHitSection":true},{"sectionNotes":[[57600,0,0],[57840,3,0],[58320,2,0],[58560,1,75],[58800,2,0],[58920,2,0],[59040,1,375],[59280,6,0]],"lengthInSteps":16,"typeOfSection":0,"mustHitSection":false},{"sectionNotes":[[59520,0,0],[59760,3,0],[60240,2,0],[60480,1,75],[60720,2,0],[60840,2,0],[60960,1,375],[61200,6,0]],"lengthInSteps":16,"typeOfSection":0,"mustHitSection":true},{"typeOfSection":0,"sectionNotes":[[61440,0,0],[61680,3,0],[63120,6,150],[63120,2,150],[62160,6,0],[62400,4,0],[62640,7,0]],"lengthInSteps":16,"bpm":100,"changeBPM":false,"mustHitSection":false},{"lengthInSteps":16,"typeOfSection":0,"sectionNotes":[[63360,1,600],[63360,5,600]],"bpm":100,"changeBPM":false,"mustHitSection":true},{"lengthInSteps":16,"typeOfSection":0,"sectionNotes":[],"bpm":125,"changeBPM":false,"mustHitSection":true},{"sectionNotes":[],"typeOfSection":0,"lengthInSteps":16,"mustHitSection":true,"changeBPM":false,"bpm":125},{"lengthInSteps":16,"typeOfSection":0,"sectionNotes":[],"bpm":125,"changeBPM":false,"mustHitSection":true}],"sections":37,"bpm":125,"song":{"sectionLengths":[],"player1":"bf","notes":[{"sectionNotes":[[0,2,0],[480,3,375],[960,3,375]],"lengthInSteps":16,"typeOfSection":0,"mustHitSection":false},{"sectionNotes":[[1920,2,0],[2400,3,375],[2880,3,375]],"lengthInSteps":16,"typeOfSection":0,"mustHitSection":true},{"sectionNotes":[[3840,0,375],[4320,3,375],[4800,1,375]],"lengthInSteps":16,"typeOfSection":0,"mustHitSection":false},{"sectionNotes":[[5760,0,375],[6240,3,375],[6720,1,375]],"lengthInSteps":16,"typeOfSection":0,"mustHitSection":true},{"sectionNotes":[[7680,1,150],[8160,3,0],[8400,0,0],[8640,1,150],[8880,1,0],[9000,1,0],[9240,1,0],[9360,1,0]],"lengthInSteps":16,"typeOfSection":0,"mustHitSection":false},{"sectionNotes":[[9600,1,150],[10080,3,0],[10320,0,0],[10560,1,150],[10800,1,0],[10920,1,0],[11160,1,0],[11280,1,0]],"lengthInSteps":16,"typeOfSection":0,"mustHitSection":true},{"sectionNotes":[[11520,0,0],[11760,3,0],[11880,3,0],[12000,3,0],[12240,1,0],[12480,2,375],[12960,2,0],[13080,2,0],[13200,2,0],[13320,2,0]],"lengthInSteps":16,"typeOfSection":0,"mustHitSection":false},{"sectionNotes":[[13440,0,0],[13680,3,0],[13800,3,0],[13920,3,0],[14160,1,0],[14400,2,375],[14880,2,0],[15000,2,0],[15120,2,0],[15240,2,0]],"lengthInSteps":16,"typeOfSection":0,"mustHitSection":true},{"sectionNotes":[[15360,0,0],[15600,3,0],[16080,1,0],[16560,1,0],[16800,1,375],[15840,1,150],[16320,1,150]],"lengthInSteps":16,"typeOfSection":0,"mustHitSection":false},{"sectionNotes":[[17280,0,0],[17520,3,0],[18000,1,0],[18480,1,0],[18720,1,375],[17760,1,150],[18240,1,150]],"lengthInSteps":16,"typeOfSection":0,"mustHitSection":true},{"sectionNotes":[[19200,1,0],[19440,3,0],[19680,0,375],[20160,0,375],[20640,0,375]],"lengthInSteps":16,"typeOfSection":0,"mustHitSection":false},{"sectionNotes":[[21120,1,0],[21360,3,0],[21600,0,375],[22080,0,375],[22560,0,375]],"lengthInSteps":16,"typeOfSection":0,"mustHitSection":true},{"sectionNotes":[[23040,2,0],[23280,3,0],[23520,0,375],[24480,0,375]],"lengthInSteps":16,"typeOfSection":0,"mustHitSection":false},{"sectionNotes":[[24960,2,0],[25200,3,0],[25440,0,375],[26400,0,375],[26640,6,0]],"lengthInSteps":16,"typeOfSection":0,"mustHitSection":true},{"sectionNotes":[[26880,0,0],[27120,3,0],[27600,2,0],[27840,1,75],[28080,2,0],[28200,2,0],[28320,1,375],[28560,6,0]],"lengthInSteps":16,"typeOfSection":0,"mustHitSection":false},{"sectionNotes":[[28800,0,0],[29040,3,0],[29520,2,0],[29760,1,75],[30000,2,0],[30120,2,0],[30240,1,375]],"lengthInSteps":16,"typeOfSection":0,"mustHitSection":true},{"sectionNotes":[[30720,2,375],[31200,3,225],[31680,0,360],[32160,0,420]],"lengthInSteps":16,"typeOfSection":0,"mustHitSection":false},{"sectionNotes":[[32640,2,375],[33120,3,225],[33600,0,360],[34080,0,420]],"lengthInSteps":16,"typeOfSection":0,"mustHitSection":true},{"sectionNotes":[[34560,1,0],[35040,2,0],[35520,1,0],[35760,1,0],[35640,1,0],[36000,2,0]],"lengthInSteps":16,"typeOfSection":0,"mustHitSection":false},{"sectionNotes":[[36480,1,0],[36960,2,0],[37440,1,0],[37680,1,0],[37560,1,0],[37920,2,0]],"lengthInSteps":16,"typeOfSection":0,"mustHitSection":true},{"sectionNotes":[[38400,2,375],[38880,3,150],[39240,3,150],[39600,0,0],[39840,0,375]],"lengthInSteps":16,"typeOfSection":0,"mustHitSection":false},{"sectionNotes":[[40320,2,375],[40800,3,150],[41160,3,150],[41520,0,0],[41760,0,375]],"lengthInSteps":16,"typeOfSection":0,"mustHitSection":true},{"sectionNotes":[[42240,3,1500]],"lengthInSteps":16,"typeOfSection":0,"mustHitSection":false},{"sectionNotes":[[44160,3,1500]],"lengthInSteps":16,"typeOfSection":0,"mustHitSection":true},{"sectionNotes":[[46080,2,0],[46320,3,0],[46560,3,0],[46800,0,0],[47040,0,0],[47280,0,0],[47520,0,375]],"lengthInSteps":16,"typeOfSection":0,"mustHitSection":false},{"sectionNotes":[[48000,2,0],[48240,3,0],[48480,3,0],[48720,0,0],[48960,0,0],[49200,0,0],[49440,0,375],[49680,6,0]],"lengthInSteps":16,"typeOfSection":0,"mustHitSection":true},{"sectionNotes":[[49920,0,0],[50160,3,0],[50640,2,0],[50880,1,75],[51120,2,0],[51360,1,375],[51600,6,0]],"lengthInSteps":16,"typeOfSection":0,"mustHitSection":false},{"sectionNotes":[[51840,0,0],[52080,3,0],[52560,2,0],[52800,1,75],[53040,2,0],[53160,2,0]],"lengthInSteps":16,"typeOfSection":0,"mustHitSection":true},{"sectionNotes":[[53760,2,0],[54000,3,0],[54240,0,0],[54480,2,0],[54720,1,150],[54960,2,0],[55200,1,375]],"lengthInSteps":16,"typeOfSection":0,"mustHitSection":false},{"sectionNotes":[[55680,2,0],[55920,3,0],[56160,0,0],[56400,2,0],[56640,1,150],[56880,2,0],[57120,1,375],[57360,6,0]],"lengthInSteps":16,"typeOfSection":0,"mustHitSection":true},{"sectionNotes":[[57600,0,0],[57840,3,0],[58320,2,0],[58560,1,75],[58800,2,0],[58920,2,0],[59040,1,375],[59280,6,0]],"lengthInSteps":16,"typeOfSection":0,"mustHitSection":false},{"sectionNotes":[[59520,0,0],[59760,3,0],[60240,2,0],[60480,1,75],[60720,2,0],[60840,2,0],[60960,1,375],[61200,6,0]],"lengthInSteps":16,"typeOfSection":0,"mustHitSection":true},{"typeOfSection":0,"sectionNotes":[[61440,0,0],[61680,3,0],[63120,6,150],[63120,2,150],[62160,6,0],[62400,4,0],[62640,7,0]],"lengthInSteps":16,"bpm":100,"changeBPM":false,"mustHitSection":false},{"lengthInSteps":16,"typeOfSection":0,"sectionNotes":[[63360,1,600],[63360,5,600]],"bpm":100,"changeBPM":false,"mustHitSection":true},{"lengthInSteps":16,"typeOfSection":0,"sectionNotes":[],"bpm":125,"changeBPM":false,"mustHitSection":true},{"sectionNotes":[],"typeOfSection":0,"lengthInSteps":16,"mustHitSection":true,"changeBPM":false,"bpm":125},{"lengthInSteps":16,"typeOfSection":0,"sectionNotes":[],"bpm":125,"changeBPM":false,"mustHitSection":true}],"player2":"dad","song":"Bopeebo","validScore":true,"sections":0,"needsVoices":true,"speed":1.4,"bpm":125}}