{"song":{"player1":"bf-car","sectionLengths":[],"notes":[{"lengthInSteps":16,"sectionNotes":[],"typeOfSection":0,"mustHitSection":true,"changeBPM":false,"bpm":95},{"lengthInSteps":16,"sectionNotes":[],"typeOfSection":0,"mustHitSection":true,"changeBPM":false,"bpm":125},{"lengthInSteps":16,"sectionNotes":[[3200,3,0],[3600,0,0],[3800,3,0],[4000,0,0],[4300,3,0],[4600,0,0]],"typeOfSection":0,"mustHitSection":false,"changeBPM":false,"bpm":125},{"lengthInSteps":16,"sectionNotes":[[4800,3,0],[5200,0,0],[5400,3,0],[5600,0,0],[5900,3,0],[6200,0,0]],"typeOfSection":0,"mustHitSection":false,"changeBPM":false,"bpm":125},{"lengthInSteps":16,"sectionNotes":[[6400,3,0],[6800,0,0],[7200,0,0],[7500,3,0],[7800,0,0],[7000,2,0]],"typeOfSection":0,"mustHitSection":false,"changeBPM":false,"bpm":125},{"lengthInSteps":16,"sectionNotes":[[8000,0,0],[8400,2,0],[8600,0,0],[8700,3,0],[9000,2,0],[9200,1,0],[9400,3,0],[8200,3,0],[8800,1,0]],"typeOfSection":0,"mustHitSection":false,"changeBPM":false,"bpm":125},{"lengthInSteps":16,"sectionNotes":[[9600,3,0],[10000,0,0],[10200,3,0],[10400,0,0],[10700,3,0],[11000,0,0]],"typeOfSection":0,"mustHitSection":true,"changeBPM":false,"bpm":125},{"lengthInSteps":16,"sectionNotes":[[11200,3,0],[11600,0,0],[11800,3,0],[12000,0,0],[12300,3,0],[12600,0,0]],"typeOfSection":0,"mustHitSection":true,"changeBPM":false,"bpm":125},{"lengthInSteps":16,"sectionNotes":[[12800,3,0],[13200,0,0],[13600,0,0],[13900,3,0],[14200,0,0],[13400,2,0]],"typeOfSection":0,"mustHitSection":true,"changeBPM":false,"bpm":125},{"lengthInSteps":16,"sectionNotes":[[14400,0,0],[14800,2,0],[15000,0,0],[15100,3,0],[15400,2,0],[15600,1,0],[15800,3,0],[14600,3,0],[15200,1,0],[14400,6,300],[14800,7,300],[15200,4,300],[15600,7,300]],"typeOfSection":0,"mustHitSection":true,"changeBPM":false,"bpm":125},{"lengthInSteps":16,"sectionNotes":[[19200,2,0],[16200,0,0],[16400,1,0],[16900,0,0],[17200,0,0],[17400,0,0]],"typeOfSection":0,"mustHitSection":false,"changeBPM":false,"bpm":125},{"lengthInSteps":16,"sectionNotes":[[17600,2,0],[17800,3,0],[18000,1,0],[18400,3,0],[18700,3,0],[19000,2,0],[18300,2,0],[19100,1,0]],"typeOfSection":0,"mustHitSection":false,"changeBPM":false,"bpm":125},{"lengthInSteps":16,"sectionNotes":[[19400,2,0],[19600,2,0],[20100,0,0],[20300,0,0],[20600,3,0]],"typeOfSection":0,"mustHitSection":false,"changeBPM":false,"bpm":125},{"lengthInSteps":16,"sectionNotes":[[26400,3,0],[20800,0,0],[21400,2,0],[20800,6,300],[21200,3,0],[22000,3,0],[21200,4,300],[21600,7,300],[22000,4,300],[21000,3,0],[21800,0,0],[22200,1,0]],"typeOfSection":0,"mustHitSection":false,"changeBPM":false,"bpm":125},{"lengthInSteps":16,"sectionNotes":[[25600,2,0],[22600,0,0],[22800,1,0],[23300,0,0],[23600,0,0],[23800,0,0]],"typeOfSection":0,"mustHitSection":true,"changeBPM":false,"bpm":125},{"lengthInSteps":16,"sectionNotes":[[24000,2,0],[24200,3,0],[24400,1,0],[24800,3,0],[25100,3,0],[25400,2,0],[24700,2,0],[25500,1,0]],"typeOfSection":0,"mustHitSection":true,"changeBPM":false,"bpm":125},{"lengthInSteps":16,"sectionNotes":[[25800,2,0],[26000,2,0],[26500,0,0],[26700,0,0],[27000,3,0]],"typeOfSection":0,"mustHitSection":true,"changeBPM":false,"bpm":125},{"lengthInSteps":16,"sectionNotes":[[32800,3,0],[27200,0,0],[27800,2,0],[27600,3,0],[28400,3,0],[27400,3,0],[28200,0,0],[28600,1,0]],"typeOfSection":0,"mustHitSection":true,"changeBPM":false,"bpm":125},{"lengthInSteps":16,"sectionNotes":[[28800,0,0],[29200,0,300],[29600,3,300],[30000,0,300],[29000,3,0]],"typeOfSection":0,"mustHitSection":false,"changeBPM":false,"bpm":125},{"lengthInSteps":16,"sectionNotes":[[30400,3,0],[30800,3,0],[31200,3,180],[31500,1,0],[31600,0,180],[31900,1,0],[31000,0,0]],"typeOfSection":0,"mustHitSection":false,"changeBPM":false,"bpm":125},{"lengthInSteps":16,"sectionNotes":[[32000,2,300],[32400,3,300],[32800,0,300],[33200,3,300]],"typeOfSection":0,"mustHitSection":false,"changeBPM":false,"bpm":125},{"lengthInSteps":16,"sectionNotes":[[34700,1,0],[34400,3,180],[34800,0,180],[35100,1,0],[33600,2,0],[34000,1,0],[33800,3,0],[34200,0,0]],"typeOfSection":0,"mustHitSection":false,"changeBPM":false,"bpm":125},{"lengthInSteps":16,"sectionNotes":[[35200,0,0],[35600,0,300],[36000,3,300],[36400,0,300],[35400,3,0],[35200,6,300],[35600,4,300],[36000,7,300],[36400,4,300]],"typeOfSection":0,"mustHitSection":true,"changeBPM":false,"bpm":125},{"lengthInSteps":16,"sectionNotes":[[36800,3,0],[37200,3,0],[37600,3,180],[37900,1,0],[38000,0,180],[38300,1,0],[37400,0,0],[36800,7,0],[37200,7,0],[37400,4,0],[37600,7,200],[37900,5,0],[38000,4,150],[38300,5,0]],"typeOfSection":0,"mustHitSection":true,"changeBPM":false,"bpm":125},{"lengthInSteps":16,"sectionNotes":[[38400,2,300],[39200,0,300],[39600,3,300],[38400,6,300],[38800,3,300],[38800,4,1100]],"typeOfSection":0,"mustHitSection":true,"changeBPM":false,"bpm":125},{"lengthInSteps":16,"sectionNotes":[[41100,1,0],[40800,3,180],[41200,0,180],[41500,1,0],[40000,2,0],[40400,1,0],[40200,3,0],[40600,0,0]],"typeOfSection":0,"mustHitSection":true,"changeBPM":false,"bpm":125},{"lengthInSteps":16,"sectionNotes":[[41600,1,500],[41600,5,700],[42200,2,0],[42400,2,0],[42500,0,200],[43100,3,0],[42900,2,0]],"typeOfSection":0,"mustHitSection":false,"changeBPM":false,"bpm":125},{"lengthInSteps":16,"sectionNotes":[[44000,2,0],[44100,0,200],[44700,3,0],[43200,2,300],[43600,1,0],[44500,2,0],[44600,3,0]],"typeOfSection":0,"mustHitSection":false,"changeBPM":false,"bpm":125},{"lengthInSteps":16,"sectionNotes":[[45600,2,0],[45700,0,200],[46300,3,0],[44800,3,300],[45200,0,0],[46000,1,0]],"typeOfSection":0,"mustHitSection":false,"changeBPM":false,"bpm":125},{"lengthInSteps":16,"sectionNotes":[[46400,2,0],[46600,2,0],[46800,0,0],[46900,3,0],[47000,2,0],[47200,0,0],[47300,3,0],[47400,1,0],[47600,1,0],[47800,0,0]],"typeOfSection":0,"mustHitSection":false,"changeBPM":false,"bpm":125},{"lengthInSteps":16,"sectionNotes":[[48000,1,500],[48000,5,700],[48600,2,0],[48800,2,0],[48900,0,200],[49500,3,0],[49300,2,0]],"typeOfSection":0,"mustHitSection":true,"changeBPM":false,"bpm":125},{"lengthInSteps":16,"sectionNotes":[[50400,2,0],[50500,0,200],[51100,3,0],[49600,2,300],[50000,1,0],[50900,2,0],[51000,3,0]],"typeOfSection":0,"mustHitSection":true,"changeBPM":false,"bpm":125},{"lengthInSteps":16,"sectionNotes":[[52000,2,0],[52100,0,200],[52700,3,0],[51200,3,300],[51600,0,0],[52400,1,0]],"typeOfSection":0,"mustHitSection":true,"changeBPM":false,"bpm":125},{"lengthInSteps":16,"sectionNotes":[[52800,2,0],[53000,2,0],[53200,0,0],[53300,3,0],[53400,2,0],[53600,0,0],[53700,3,0],[53800,1,0],[54000,1,0],[54200,0,0]],"typeOfSection":0,"mustHitSection":true,"changeBPM":false,"bpm":125},{"lengthInSteps":16,"sectionNotes":[[54400,0,0],[54800,0,300],[55200,3,300],[55600,0,300],[54600,3,0]],"typeOfSection":0,"mustHitSection":false,"changeBPM":false,"bpm":125},{"lengthInSteps":16,"sectionNotes":[[56000,3,0],[56400,3,0],[56800,3,180],[57100,1,0],[57200,0,180],[57500,1,0],[56600,0,0]],"typeOfSection":0,"mustHitSection":false,"changeBPM":false,"bpm":125},{"lengthInSteps":16,"sectionNotes":[[57600,2,300],[58000,3,300],[58400,0,300],[58800,3,300]],"typeOfSection":0,"mustHitSection":false,"changeBPM":false,"bpm":125},{"lengthInSteps":16,"sectionNotes":[[60300,1,0],[60000,3,180],[60400,0,180],[60700,1,0],[59200,2,0],[59600,1,0],[59400,3,0],[59800,0,0]],"typeOfSection":0,"mustHitSection":false,"changeBPM":false,"bpm":125},{"lengthInSteps":16,"sectionNotes":[[60800,0,0],[61200,0,300],[61600,3,300],[62000,0,300],[61000,3,0],[60800,6,300],[61200,4,300],[61600,7,300],[62000,4,300]],"typeOfSection":0,"mustHitSection":true,"changeBPM":false,"bpm":125},{"lengthInSteps":16,"sectionNotes":[[62400,3,0],[62800,3,0],[63200,3,180],[63500,1,0],[63600,0,180],[63900,1,0],[63000,0,0],[62400,7,0],[62800,7,0],[63000,4,0],[63200,7,200],[63500,5,0],[63600,4,150],[63900,5,0]],"typeOfSection":0,"mustHitSection":true,"changeBPM":false,"bpm":125},{"lengthInSteps":16,"sectionNotes":[[64000,2,300],[64800,0,300],[65200,3,300],[64000,6,300],[64400,3,300],[64400,4,1100]],"typeOfSection":0,"mustHitSection":true,"changeBPM":false,"bpm":125},{"lengthInSteps":16,"sectionNotes":[[66700,1,0],[66400,3,180],[66800,0,180],[67100,1,0],[65600,2,0],[66000,1,0],[65800,3,0],[66200,0,0]],"typeOfSection":0,"mustHitSection":true,"changeBPM":false,"bpm":125},{"lengthInSteps":16,"sectionNotes":[[67200,2,850],[67200,6,850],[68400,3,300],[68400,4,300]],"typeOfSection":0,"mustHitSection":false,"changeBPM":false,"bpm":125},{"lengthInSteps":16,"sectionNotes":[[69200,1,0],[69400,3,0],[69800,3,0],[68800,1,0],[68800,5,500],[69400,7,500],[70000,0,300],[70000,4,300]],"typeOfSection":0,"mustHitSection":true,"changeBPM":false,"bpm":125},{"lengthInSteps":16,"sectionNotes":[[70400,4,0],[71200,4,0],[71600,4,0],[71800,6,0],[70400,3,300],[70800,1,300],[71200,0,300],[70600,7,0],[70800,5,0],[71000,7,0],[71400,7,0],[71600,1,300]],"typeOfSection":0,"mustHitSection":true,"changeBPM":false,"bpm":125},{"lengthInSteps":16,"sectionNotes":[[72000,4,0],[72800,4,0],[73200,4,0],[73400,6,0],[72000,3,300],[72400,1,300],[72800,0,300],[72200,7,0],[72400,5,0],[72600,7,0],[73000,7,0],[73200,1,0],[73400,2,0]],"typeOfSection":0,"mustHitSection":true,"changeBPM":false,"bpm":125},{"lengthInSteps":16,"sectionNotes":[[73600,2,850],[73600,6,850],[74800,3,300],[74800,4,300]],"typeOfSection":0,"mustHitSection":true,"changeBPM":false,"bpm":125},{"lengthInSteps":16,"sectionNotes":[[75600,1,0],[75800,3,0],[76200,3,0],[75200,1,0],[75200,5,500],[75800,7,500],[76400,4,0],[76400,0,300],[76600,6,0]],"typeOfSection":0,"mustHitSection":false,"changeBPM":false,"bpm":125},{"lengthInSteps":16,"sectionNotes":[[76800,0,0],[77600,0,0],[78000,0,0],[78200,2,0],[76800,7,300],[77200,5,300],[77600,4,300],[77000,3,0],[77200,1,0],[77400,3,0],[77800,3,0],[78000,5,300]],"typeOfSection":0,"mustHitSection":true,"changeBPM":false,"bpm":125},{"lengthInSteps":16,"sectionNotes":[[78400,0,0],[79200,0,0],[79600,0,0],[79800,2,0],[78400,7,300],[78800,5,300],[79200,4,300],[78600,3,0],[78800,1,0],[79000,3,0],[79400,3,0],[79600,5,0],[79800,6,0]],"typeOfSection":0,"mustHitSection":true,"changeBPM":false,"bpm":125},{"lengthInSteps":16,"sectionNotes":[[80000,6,700],[80000,2,700]],"typeOfSection":0,"mustHitSection":true,"changeBPM":false,"bpm":125},{"lengthInSteps":16,"sectionNotes":[],"typeOfSection":0,"mustHitSection":true,"changeBPM":false,"bpm":125},{"lengthInSteps":16,"sectionNotes":[],"typeOfSection":0,"mustHitSection":true,"changeBPM":false,"bpm":125},{"lengthInSteps":16,"sectionNotes":[],"typeOfSection":0,"mustHitSection":true,"changeBPM":false,"bpm":125},{"lengthInSteps":16,"sectionNotes":[],"typeOfSection":0,"mustHitSection":true,"changeBPM":false,"bpm":125},{"lengthInSteps":16,"sectionNotes":[],"typeOfSection":0,"mustHitSection":true,"changeBPM":false,"bpm":125},{"lengthInSteps":16,"sectionNotes":[],"typeOfSection":0,"mustHitSection":true,"changeBPM":false,"bpm":125},{"lengthInSteps":16,"sectionNotes":[],"typeOfSection":0,"mustHitSection":true,"changeBPM":false,"bpm":125},{"lengthInSteps":16,"sectionNotes":[],"typeOfSection":0,"mustHitSection":true,"changeBPM":false,"bpm":125},{"lengthInSteps":16,"sectionNotes":[],"typeOfSection":0,"mustHitSection":true,"changeBPM":false,"bpm":125},{"lengthInSteps":16,"sectionNotes":[],"typeOfSection":0,"mustHitSection":true,"changeBPM":false,"bpm":125},{"lengthInSteps":16,"sectionNotes":[],"typeOfSection":0,"mustHitSection":true,"changeBPM":false,"bpm":125},{"lengthInSteps":16,"sectionNotes":[],"typeOfSection":0,"mustHitSection":true,"changeBPM":false,"bpm":125},{"lengthInSteps":16,"sectionNotes":[],"typeOfSection":0,"mustHitSection":true,"changeBPM":false,"bpm":125},{"lengthInSteps":16,"sectionNotes":[],"typeOfSection":0,"mustHitSection":true,"changeBPM":false,"bpm":125},{"lengthInSteps":16,"sectionNotes":[],"typeOfSection":0,"mustHitSection":true,"changeBPM":false,"bpm":125},{"sectionNotes":[],"typeOfSection":0,"lengthInSteps":16,"mustHitSection":true,"changeBPM":false,"bpm":125},{"sectionNotes":[],"typeOfSection":0,"lengthInSteps":16,"mustHitSection":true,"changeBPM":false,"bpm":150},{"sectionNotes":[],"typeOfSection":0,"lengthInSteps":16,"mustHitSection":true,"changeBPM":false,"bpm":150},{"sectionNotes":[],"typeOfSection":0,"lengthInSteps":16,"mustHitSection":true,"changeBPM":false,"bpm":150},{"lengthInSteps":16,"typeOfSection":0,"sectionNotes":[],"altAnim":false,"bpm":150,"changeBPM":false,"mustHitSection":true},{"sectionNotes":[],"typeOfSection":0,"lengthInSteps":16,"altAnim":false,"mustHitSection":true,"changeBPM":false,"bpm":150},{"sectionNotes":[],"typeOfSection":0,"lengthInSteps":16,"altAnim":false,"mustHitSection":true,"changeBPM":false,"bpm":150},{"lengthInSteps":16,"altAnim":false,"typeOfSection":0,"sectionNotes":[],"bpm":150,"changeBPM":false,"mustHitSection":true}],"player2":"mom-car","song":"High","validScore":true,"sections":0,"needsVoices":true,"bpm":150,"speed":1.3}}