{"notes":[{"sectionNotes":[],"lengthInSteps":16,"typeOfSection":0,"mustHitSection":true},{"sectionNotes":[],"lengthInSteps":16,"typeOfSection":0,"mustHitSection":true},{"sectionNotes":[],"lengthInSteps":16,"typeOfSection":0,"mustHitSection":true},{"sectionNotes":[],"lengthInSteps":16,"typeOfSection":0,"mustHitSection":true},{"sectionNotes":[[7111.11111111111,0,0],[7888.88888888889,3,0]],"lengthInSteps":16,"typeOfSection":0,"mustHitSection":false},{"sectionNotes":[[8888.88888888889,0,0],[9666.66666666667,3,0]],"lengthInSteps":16,"typeOfSection":0,"mustHitSection":false},{"sectionNotes":[[10666.6666666667,0,0],[11444.4444444444,3,0]],"lengthInSteps":16,"typeOfSection":0,"mustHitSection":true},{"sectionNotes":[[12444.4444444444,0,0],[13222.2222222222,3,0]],"lengthInSteps":16,"typeOfSection":0,"mustHitSection":true},{"sectionNotes":[[14222.2222222222,2,0],[15111.1111111111,1,0]],"lengthInSteps":16,"typeOfSection":0,"mustHitSection":false},{"sectionNotes":[[16000,2,0],[16888.8888888889,1,0]],"lengthInSteps":16,"typeOfSection":0,"mustHitSection":false},{"sectionNotes":[[17777.7777777778,2,0],[18666.6666666667,1,0]],"lengthInSteps":16,"typeOfSection":0,"mustHitSection":true},{"sectionNotes":[[19555.5555555556,2,0],[20444.4444444444,1,0]],"lengthInSteps":16,"typeOfSection":0,"mustHitSection":true},{"sectionNotes":[[21333.3333333333,0,0],[22222.2222222222,2,0]],"lengthInSteps":16,"typeOfSection":0,"mustHitSection":false},{"sectionNotes":[[23111.1111111111,1,0],[24000,3,0]],"lengthInSteps":16,"typeOfSection":0,"mustHitSection":false},{"sectionNotes":[[24888.8888888889,0,0],[25777.7777777778,2,0]],"lengthInSteps":16,"typeOfSection":0,"mustHitSection":true},{"sectionNotes":[[26666.6666666667,1,0],[27555.5555555556,3,0]],"lengthInSteps":16,"typeOfSection":0,"mustHitSection":true},{"sectionNotes":[[28444.4444444444,1,0],[28888.8888888889,1,0],[29333.3333333333,2,0]],"lengthInSteps":16,"typeOfSection":0,"mustHitSection":false},{"sectionNotes":[[30666.6666666667,1,0],[30222.2222222222,1,0],[31111.1111111111,3,0]],"lengthInSteps":16,"typeOfSection":0,"mustHitSection":false},{"sectionNotes":[[32000,1,0],[32444.4444444444,1,0],[32888.8888888889,2,0]],"lengthInSteps":16,"typeOfSection":0,"mustHitSection":true},{"sectionNotes":[[34222.2222222222,1,0],[33777.7777777778,1,0],[34666.6666666667,3,0]],"lengthInSteps":16,"typeOfSection":0,"mustHitSection":true},{"sectionNotes":[[35555.5555555556,1,0],[35777.7777777778,2,0],[36000,3,0],[36222.2222222222,2,0],[36888.8888888889,3,0]],"lengthInSteps":16,"typeOfSection":0,"mustHitSection":false},{"sectionNotes":[[37333.3333333333,1,0],[37555.5555555556,2,0],[37777.7777777778,3,0],[38000,2,0],[38666.6666666667,3,0],[38888.8888888889,3,0]],"lengthInSteps":16,"typeOfSection":0,"mustHitSection":true},{"sectionNotes":[[39111.1111111111,1,0],[40000,0,0],[40222.2222222222,0,0],[40444.4444444444,3,0],[39555.5555555556,3,0],[39777.7777777778,3,0]],"lengthInSteps":16,"typeOfSection":0,"mustHitSection":true},{"sectionNotes":[[40888.8888888889,2,0],[41333.3333333333,2,0],[41777.7777777778,2,0],[42000,2,0],[42222.2222222222,2,0],[42444.4444444444,2,0]],"lengthInSteps":16,"typeOfSection":0,"mustHitSection":true},{"sectionNotes":[[42666.6666666667,1,777.777777777778]],"lengthInSteps":16,"typeOfSection":0,"mustHitSection":true},{"sectionNotes":[],"lengthInSteps":16,"typeOfSection":0,"mustHitSection":true},{"sectionNotes":[],"lengthInSteps":16,"typeOfSection":0,"mustHitSection":true},{"lengthInSteps":16,"typeOfSection":0,"sectionNotes":[],"bpm":100,"changeBPM":false,"mustHitSection":true},{"sectionNotes":[],"typeOfSection":0,"lengthInSteps":16,"mustHitSection":true,"changeBPM":false,"bpm":135},{"lengthInSteps":16,"altAnim":false,"typeOfSection":0,"sectionNotes":[],"bpm":135,"changeBPM":false,"mustHitSection":true}],"sections":30,"bpm":135,"song":{"sectionLengths":[],"player1":"bf","player2":"gf","notes":[{"sectionNotes":[],"lengthInSteps":16,"typeOfSection":0,"mustHitSection":true},{"sectionNotes":[],"lengthInSteps":16,"typeOfSection":0,"mustHitSection":true},{"sectionNotes":[],"lengthInSteps":16,"typeOfSection":0,"mustHitSection":true},{"sectionNotes":[],"lengthInSteps":16,"typeOfSection":0,"mustHitSection":true},{"sectionNotes":[[7111.11111111111,0,0],[7888.88888888889,3,0]],"lengthInSteps":16,"typeOfSection":0,"mustHitSection":false},{"sectionNotes":[[8888.88888888889,0,0],[9666.66666666667,3,0]],"lengthInSteps":16,"typeOfSection":0,"mustHitSection":false},{"sectionNotes":[[10666.6666666667,0,0],[11444.4444444444,3,0]],"lengthInSteps":16,"typeOfSection":0,"mustHitSection":true},{"sectionNotes":[[12444.4444444444,0,0],[13222.2222222222,3,0]],"lengthInSteps":16,"typeOfSection":0,"mustHitSection":true},{"sectionNotes":[[14222.2222222222,2,0],[15111.1111111111,1,0]],"lengthInSteps":16,"typeOfSection":0,"mustHitSection":false},{"sectionNotes":[[16000,2,0],[16888.8888888889,1,0]],"lengthInSteps":16,"typeOfSection":0,"mustHitSection":false},{"sectionNotes":[[17777.7777777778,2,0],[18666.6666666667,1,0]],"lengthInSteps":16,"typeOfSection":0,"mustHitSection":true},{"sectionNotes":[[19555.5555555556,2,0],[20444.4444444444,1,0]],"lengthInSteps":16,"typeOfSection":0,"mustHitSection":true},{"sectionNotes":[[21333.3333333333,0,0],[22222.2222222222,2,0]],"lengthInSteps":16,"typeOfSection":0,"mustHitSection":false},{"sectionNotes":[[23111.1111111111,1,0],[24000,3,0]],"lengthInSteps":16,"typeOfSection":0,"mustHitSection":false},{"sectionNotes":[[24888.8888888889,0,0],[25777.7777777778,2,0]],"lengthInSteps":16,"typeOfSection":0,"mustHitSection":true},{"sectionNotes":[[26666.6666666667,1,0],[27555.5555555556,3,0]],"lengthInSteps":16,"typeOfSection":0,"mustHitSection":true},{"sectionNotes":[[28444.4444444444,1,0],[28888.8888888889,1,0],[29333.3333333333,2,0]],"lengthInSteps":16,"typeOfSection":0,"mustHitSection":false},{"sectionNotes":[[30666.6666666667,1,0],[30222.2222222222,1,0],[31111.1111111111,3,0]],"lengthInSteps":16,"typeOfSection":0,"mustHitSection":false},{"sectionNotes":[[32000,1,0],[32444.4444444444,1,0],[32888.8888888889,2,0]],"lengthInSteps":16,"typeOfSection":0,"mustHitSection":true},{"sectionNotes":[[34222.2222222222,1,0],[33777.7777777778,1,0],[34666.6666666667,3,0]],"lengthInSteps":16,"typeOfSection":0,"mustHitSection":true},{"sectionNotes":[[35555.5555555556,1,0],[35777.7777777778,2,0],[36000,3,0],[36222.2222222222,2,0],[36888.8888888889,3,0]],"lengthInSteps":16,"typeOfSection":0,"mustHitSection":false},{"sectionNotes":[[37333.3333333333,1,0],[37555.5555555556,2,0],[37777.7777777778,3,0],[38000,2,0],[38666.6666666667,3,0],[38888.8888888889,3,0]],"lengthInSteps":16,"typeOfSection":0,"mustHitSection":true},{"sectionNotes":[[39111.1111111111,1,0],[40000,0,0],[40222.2222222222,0,0],[40444.4444444444,3,0],[39555.5555555556,3,0],[39777.7777777778,3,0]],"lengthInSteps":16,"typeOfSection":0,"mustHitSection":true},{"sectionNotes":[[40888.8888888889,2,0],[41333.3333333333,2,0],[41777.7777777778,2,0],[42000,2,0],[42222.2222222222,2,0],[42444.4444444444,2,0]],"lengthInSteps":16,"typeOfSection":0,"mustHitSection":true},{"sectionNotes":[[42666.6666666667,1,777.777777777778]],"lengthInSteps":16,"typeOfSection":0,"mustHitSection":true},{"sectionNotes":[],"lengthInSteps":16,"typeOfSection":0,"mustHitSection":true},{"sectionNotes":[],"lengthInSteps":16,"typeOfSection":0,"mustHitSection":true},{"lengthInSteps":16,"typeOfSection":0,"sectionNotes":[],"bpm":100,"changeBPM":false,"mustHitSection":true},{"sectionNotes":[],"typeOfSection":0,"lengthInSteps":16,"mustHitSection":true,"changeBPM":false,"bpm":135},{"lengthInSteps":16,"altAnim":false,"typeOfSection":0,"sectionNotes":[],"bpm":135,"changeBPM":false,"mustHitSection":true}],"song":"Tutorial","validScore":true,"sections":0,"needsVoices":true,"speed":1.2,"bpm":135}}