{"song":{"player1":"bf","sectionLengths":[],"notes":[{"typeOfSection":0,"lengthInSteps":16,"sectionNotes":[],"mustHitSection":true},{"typeOfSection":0,"lengthInSteps":16,"sectionNotes":[],"mustHitSection":true},{"typeOfSection":0,"lengthInSteps":16,"sectionNotes":[],"mustHitSection":true},{"typeOfSection":0,"lengthInSteps":16,"sectionNotes":[],"mustHitSection":true,"bpm":0},{"typeOfSection":0,"lengthInSteps":16,"sectionNotes":[[6000,2,0],[6187.5,3,0],[6375,0,0],[6750,3,0],[7125,3,0],[7312.5,3,0]],"mustHitSection":false,"bpm":0,"changeBPM":false},{"typeOfSection":0,"lengthInSteps":16,"sectionNotes":[[7500,2,0],[7687.5,3,0],[7875,0,0],[8250,3,0],[8812.5,3,0],[8625,1,0]],"mustHitSection":false,"bpm":0},{"typeOfSection":0,"lengthInSteps":16,"sectionNotes":[[9000,2,0],[9187.5,3,0],[9375,0,0],[9750,3,0],[10125,3,0],[10312.5,3,0]],"mustHitSection":true},{"typeOfSection":0,"lengthInSteps":16,"sectionNotes":[[10500,2,0],[10687.5,3,0],[10875,0,0],[11250,3,0],[11812.5,3,0],[11625,1,0]],"mustHitSection":true},{"typeOfSection":0,"lengthInSteps":16,"sectionNotes":[[12562.5,1,0],[12750,2,0],[12937.5,1,0],[13125,0,0],[12000,0,0],[12187.5,2,0],[12375,3,0]],"mustHitSection":false},{"typeOfSection":0,"lengthInSteps":16,"sectionNotes":[[13593.75,3,0],[13781.25,3,0],[13968.75,3,0],[14156.25,3,0],[14343.75,2,0],[14531.25,1,0],[14718.75,3,0]],"mustHitSection":false},{"typeOfSection":0,"lengthInSteps":16,"sectionNotes":[[15000,0,0],[15187.5,2,0],[15375,3,0],[15562.5,1,0],[15750,2,0],[15937.5,1,0],[16125,0,0],[16406.25,3,0]],"mustHitSection":true},{"typeOfSection":0,"lengthInSteps":16,"sectionNotes":[[17625,4,0],[17812.5,7,0],[17625,3,0],[16593.75,3,0],[16781.25,3,0],[16968.75,3,0],[17156.25,3,0],[17343.75,2,0],[17531.25,1,0]],"mustHitSection":true},{"typeOfSection":0,"lengthInSteps":16,"sectionNotes":[[18000,3,0],[18750,3,0],[19031.25,3,0],[18187.5,2,0],[19312.5,3,0],[18281.25,3,0],[18375,3,0]],"mustHitSection":false},{"typeOfSection":0,"lengthInSteps":16,"sectionNotes":[[19687.5,2,0],[19875,3,0],[20250,3,0],[20531.25,2,0],[20625,0,0],[20812.5,3,0],[19500,2,0],[19781.25,2,0]],"mustHitSection":false},{"typeOfSection":0,"lengthInSteps":16,"sectionNotes":[[21000,3,0],[21750,3,0],[22031.25,3,0],[21187.5,2,0],[22312.5,3,0],[21281.25,3,0],[21375,3,0]],"mustHitSection":false},{"typeOfSection":0,"lengthInSteps":16,"sectionNotes":[[22687.5,2,0],[22875,3,0],[23250,3,0],[23625,2,0],[23812.5,2,0],[23625,4,0],[22500,2,0],[22781.25,2,0],[23812.5,7,0]],"mustHitSection":false},{"typeOfSection":0,"lengthInSteps":16,"sectionNotes":[[24000,3,0],[24750,3,0],[25031.25,3,0],[24187.5,2,0],[25312.5,3,0],[24281.25,3,0],[24375,3,0]],"mustHitSection":true},{"typeOfSection":0,"lengthInSteps":16,"sectionNotes":[[25687.5,2,0],[25875,3,0],[26250,3,0],[26531.25,2,0],[26625,0,0],[26812.5,3,0],[25500,2,0],[25781.25,2,0]],"mustHitSection":true},{"typeOfSection":0,"lengthInSteps":16,"sectionNotes":[[27000,3,0],[27750,3,0],[28031.25,3,0],[27187.5,2,0],[28312.5,3,0],[27281.25,3,0],[27375,3,0]],"mustHitSection":true},{"typeOfSection":0,"lengthInSteps":16,"sectionNotes":[[28500,2,0],[28875,3,0],[28781.25,2,0],[28687.5,2,0],[29250,3,0],[29625,1,0],[29812.5,1,0],[29625,7,0],[29812.5,7,0]],"mustHitSection":true},{"typeOfSection":0,"lengthInSteps":16,"sectionNotes":[[30000,2,0],[30187.5,3,0],[30375,0,0],[30750,3,0],[31125,3,0],[31312.5,3,0]],"mustHitSection":false},{"typeOfSection":0,"lengthInSteps":16,"sectionNotes":[[31500,2,0],[31687.5,3,0],[31875,0,0],[32250,3,0],[32812.5,3,0],[32625,1,0]],"mustHitSection":false},{"typeOfSection":0,"lengthInSteps":16,"sectionNotes":[[33000,2,0],[33187.5,3,0],[33375,0,0],[33750,3,0],[34125,3,0],[34312.5,3,0]],"mustHitSection":true},{"typeOfSection":0,"lengthInSteps":16,"sectionNotes":[[34500,2,0],[34687.5,3,0],[34875,0,0],[35250,3,0],[35812.5,3,0],[35625,1,0]],"mustHitSection":true},{"typeOfSection":0,"lengthInSteps":16,"sectionNotes":[[36562.5,1,0],[36750,2,0],[36937.5,1,0],[37125,0,0],[36000,0,0],[36187.5,2,0],[36375,3,0],[37406.25,3,0]],"mustHitSection":false},{"typeOfSection":0,"lengthInSteps":16,"sectionNotes":[[37593.75,0,0],[37781.25,3,0],[37968.75,0,0],[38156.25,3,0],[38343.75,0,0],[38531.25,3,0]],"mustHitSection":false},{"typeOfSection":0,"lengthInSteps":16,"sectionNotes":[[39562.5,1,0],[39750,2,0],[39937.5,1,0],[40125,0,0],[39000,0,0],[39187.5,2,0],[39375,3,0],[40406.25,3,0]],"mustHitSection":true},{"typeOfSection":0,"lengthInSteps":16,"sectionNotes":[[40593.75,0,0],[40781.25,3,0],[40968.75,0,0],[41156.25,3,0],[41343.75,0,0],[41531.25,3,0],[41625,4,0],[41812.5,7,0]],"mustHitSection":true},{"typeOfSection":0,"lengthInSteps":16,"sectionNotes":[[42000,3,0],[42187.5,2,0],[43312.5,3,0],[42281.25,3,0],[42375,3,0],[42562.5,3,0],[42750,3,0],[42843.75,3,0],[42937.5,3,0],[43125,3,0]],"mustHitSection":false},{"typeOfSection":0,"lengthInSteps":16,"sectionNotes":[[43687.5,2,0],[43875,3,0],[44250,3,0],[44531.25,2,0],[44625,0,0],[43500,2,0],[43781.25,2,0],[44718.75,2,0],[44812.5,0,0],[44906.25,3,0]],"mustHitSection":false},{"typeOfSection":0,"lengthInSteps":16,"sectionNotes":[[45000,3,0],[45187.5,2,0],[46312.5,3,0],[45281.25,3,0],[45375,3,0],[45562.5,3,0],[45750,3,0],[45843.75,3,0],[45937.5,3,0],[46125,3,0]],"mustHitSection":false},{"typeOfSection":0,"lengthInSteps":16,"sectionNotes":[[46687.5,2,0],[46875,3,0],[47250,3,0],[47531.25,2,0],[47625,0,0],[46500,2,0],[46781.25,2,0],[47718.75,2,0],[47812.5,0,0],[47906.25,3,0]],"mustHitSection":false},{"typeOfSection":0,"lengthInSteps":16,"sectionNotes":[[48000,3,0],[48187.5,2,0],[49312.5,3,0],[48281.25,3,0],[48375,3,0],[48562.5,3,0],[48750,3,0],[48843.75,3,0],[48937.5,3,0],[49125,3,0]],"mustHitSection":true},{"typeOfSection":0,"lengthInSteps":16,"sectionNotes":[[49687.5,2,0],[49875,3,0],[50250,3,0],[50531.25,2,0],[50625,0,0],[49500,2,0],[49781.25,2,0],[50718.75,2,0],[50812.5,0,0],[50906.25,3,0]],"mustHitSection":true},{"typeOfSection":0,"lengthInSteps":16,"sectionNotes":[[51000,3,0],[51187.5,2,0],[52312.5,3,0],[51281.25,3,0],[51375,3,0],[51562.5,3,0],[51750,3,0],[51843.75,3,0],[51937.5,3,0],[52125,3,0]],"mustHitSection":true},{"typeOfSection":0,"lengthInSteps":16,"sectionNotes":[[52687.5,2,0],[52875,3,0],[53250,3,0],[52500,2,0],[52781.25,2,0]],"mustHitSection":true},{"typeOfSection":0,"lengthInSteps":16,"sectionNotes":[[54000,1,281.25],[54375,2,281.25],[54750,2,281.25],[55125,3,281.25]],"mustHitSection":false},{"typeOfSection":0,"lengthInSteps":16,"sectionNotes":[[55875,2,281.25],[55687.5,0,93.75],[56250,2,281.25],[56625,3,281.25],[55500,1,93.75]],"mustHitSection":false},{"typeOfSection":0,"lengthInSteps":16,"sectionNotes":[[57000,3,0],[57375,3,0],[57562.5,0,0],[57937.5,3,0],[58125,1,0],[58312.5,1,0]],"mustHitSection":false},{"typeOfSection":0,"lengthInSteps":16,"sectionNotes":[[58500,3,0],[58875,3,0],[59062.5,0,0],[59437.5,3,0],[59625,1,0],[59812.5,1,0]],"mustHitSection":false},{"typeOfSection":0,"lengthInSteps":16,"sectionNotes":[[60000,1,281.25],[60375,2,281.25],[60750,2,281.25],[61125,3,281.25]],"mustHitSection":true},{"lengthInSteps":16,"sectionNotes":[[61875,2,281.25],[61687.5,0,93.75],[62250,2,281.25],[62625,3,281.25],[61500,1,93.75]],"typeOfSection":0,"mustHitSection":true,"changeBPM":false,"bpm":150},{"lengthInSteps":16,"sectionNotes":[[63000,3,0],[63375,3,0],[63562.5,0,0],[63937.5,3,0],[64125,1,0],[64312.5,1,0]],"typeOfSection":0,"mustHitSection":true,"changeBPM":false,"bpm":150},{"lengthInSteps":16,"sectionNotes":[[64500,4,281.25],[64875,5,281.25],[65250,7,281.25],[65625,5,281.25],[64500,3,0],[64875,3,0],[65062.5,0,0],[65437.5,3,0],[65625,1,0],[65812.5,1,0]],"typeOfSection":0,"mustHitSection":true,"changeBPM":false,"bpm":150},{"lengthInSteps":16,"sectionNotes":[[66000,2,0],[66187.5,2,0],[66375,3,0],[66562.5,2,0],[66937.5,3,0],[67125,1,0],[67312.5,3,0]],"typeOfSection":0,"mustHitSection":false,"changeBPM":false,"bpm":150},{"lengthInSteps":16,"sectionNotes":[[67500,2,0],[67687.5,2,0],[67875,3,0],[68062.5,2,0],[68437.5,3,0],[68625,1,0]],"typeOfSection":0,"mustHitSection":false,"changeBPM":false,"bpm":150},{"lengthInSteps":16,"sectionNotes":[[69000,1,0],[69187.5,2,0],[69375,2,0],[69562.5,3,0],[69937.5,2,0],[70125,3,0],[70312.5,2,0]],"typeOfSection":0,"mustHitSection":false,"changeBPM":false,"bpm":150},{"lengthInSteps":16,"sectionNotes":[[70500,1,0],[70687.5,2,0],[70875,2,0],[71062.5,3,0],[71437.5,2,0],[71625,3,0],[70500,4,281.25],[70875,5,281.25],[71250,7,281.25],[71625,5,281.25]],"typeOfSection":0,"mustHitSection":false,"changeBPM":false,"bpm":157},{"lengthInSteps":16,"sectionNotes":[[72000,2,0],[72187.5,2,0],[72375,3,0],[72562.5,2,0],[72937.5,3,0],[73125,1,0],[73312.5,3,0]],"typeOfSection":0,"mustHitSection":true,"changeBPM":false,"bpm":150},{"lengthInSteps":16,"sectionNotes":[[73500,2,0],[73687.5,2,0],[73875,3,0],[74062.5,2,0],[74437.5,3,0],[74625,1,0]],"typeOfSection":0,"mustHitSection":true,"changeBPM":false,"bpm":150},{"lengthInSteps":16,"sectionNotes":[[75000,1,0],[75187.5,2,0],[75375,2,0],[75562.5,3,0],[75937.5,2,0],[76125,3,0],[76312.5,2,0]],"typeOfSection":0,"mustHitSection":true,"changeBPM":false,"bpm":150},{"lengthInSteps":16,"sectionNotes":[[76500,1,0],[76687.5,2,0],[76875,2,0],[77062.5,3,0],[77437.5,2,0],[77625,3,0],[76500,4,281.25],[76875,5,281.25],[77250,7,281.25],[77625,5,281.25]],"typeOfSection":0,"mustHitSection":true,"changeBPM":false,"bpm":150},{"lengthInSteps":16,"sectionNotes":[[78000,2,0],[78375,3,0],[78562.5,2,0],[79125,1,0],[79312.5,3,0],[78281.25,2,0],[78843.75,2,0],[78937.5,3,0]],"typeOfSection":0,"mustHitSection":false,"changeBPM":false,"bpm":150},{"lengthInSteps":16,"sectionNotes":[[79500,2,0],[79875,3,0],[80062.5,2,0],[80437.5,3,0],[79781.25,2,0],[80343.75,2,0],[80625,1,0]],"typeOfSection":0,"mustHitSection":false,"changeBPM":false,"bpm":150},{"lengthInSteps":16,"sectionNotes":[[81000,1,0],[81375,2,0],[81562.5,3,0],[81937.5,2,0],[82125,3,0],[82312.5,2,0],[81281.25,2,0],[81843.75,3,0]],"typeOfSection":0,"mustHitSection":false,"changeBPM":false,"bpm":150},{"lengthInSteps":16,"sectionNotes":[[82500,1,0],[82687.5,2,0],[82875,2,0],[83062.5,3,0],[83437.5,2,0],[83625,3,0],[82500,4,281.25],[82875,5,281.25],[83250,7,281.25],[83625,5,281.25]],"typeOfSection":0,"mustHitSection":false,"changeBPM":false,"bpm":150},{"lengthInSteps":16,"sectionNotes":[[84000,2,0],[84375,3,0],[84562.5,2,0],[85125,1,0],[85312.5,3,0],[84281.25,2,0],[84843.75,2,0],[84937.5,3,0]],"typeOfSection":0,"mustHitSection":true,"changeBPM":false,"bpm":150},{"lengthInSteps":16,"sectionNotes":[[85500,2,0],[85875,3,0],[86062.5,2,0],[86437.5,3,0],[86625,1,0],[85781.25,2,0],[86343.75,2,0]],"typeOfSection":0,"mustHitSection":true,"changeBPM":false,"bpm":150},{"lengthInSteps":16,"sectionNotes":[[87000,1,0],[87375,2,0],[87562.5,3,0],[87937.5,2,0],[88125,3,0],[88312.5,2,0],[87281.25,2,0],[87843.75,3,0]],"typeOfSection":0,"mustHitSection":true,"changeBPM":false,"bpm":150},{"lengthInSteps":16,"sectionNotes":[[88500,1,0],[88687.5,2,0],[88875,2,0],[89062.5,3,0],[89437.5,2,0],[89625,3,0]],"typeOfSection":0,"mustHitSection":true,"changeBPM":false,"bpm":150},{"lengthInSteps":16,"sectionNotes":[],"typeOfSection":0,"mustHitSection":true,"changeBPM":false,"bpm":150},{"lengthInSteps":16,"sectionNotes":[],"typeOfSection":0,"mustHitSection":true,"changeBPM":false,"bpm":150},{"lengthInSteps":16,"sectionNotes":[],"typeOfSection":0,"mustHitSection":true,"changeBPM":false,"bpm":150},{"sectionNotes":[],"typeOfSection":0,"lengthInSteps":16,"mustHitSection":true,"changeBPM":false,"bpm":150},{"sectionNotes":[],"typeOfSection":0,"lengthInSteps":16,"mustHitSection":true,"changeBPM":false,"bpm":160},{"sectionNotes":[],"typeOfSection":0,"lengthInSteps":16,"mustHitSection":true,"changeBPM":false,"bpm":160},{"sectionNotes":[],"typeOfSection":0,"lengthInSteps":16,"mustHitSection":true,"changeBPM":false,"bpm":160},{"sectionNotes":[],"typeOfSection":0,"lengthInSteps":16,"mustHitSection":true,"changeBPM":false,"bpm":160},{"sectionNotes":[],"typeOfSection":0,"lengthInSteps":16,"mustHitSection":true,"changeBPM":false,"bpm":160},{"sectionNotes":[],"typeOfSection":0,"lengthInSteps":16,"mustHitSection":true,"changeBPM":false,"bpm":160},{"sectionNotes":[],"typeOfSection":0,"lengthInSteps":16,"mustHitSection":true,"changeBPM":false,"bpm":160},{"lengthInSteps":16,"typeOfSection":0,"sectionNotes":[],"bpm":160,"changeBPM":false,"mustHitSection":true},{"sectionNotes":[],"typeOfSection":0,"lengthInSteps":16,"altAnim":false,"mustHitSection":true,"changeBPM":false,"bpm":160},{"lengthInSteps":16,"typeOfSection":0,"sectionNotes":[],"altAnim":false,"bpm":160,"changeBPM":false,"mustHitSection":true},{"sectionNotes":[],"typeOfSection":0,"lengthInSteps":16,"altAnim":false,"mustHitSection":true,"changeBPM":false,"bpm":160},{"sectionNotes":[],"typeOfSection":0,"lengthInSteps":16,"altAnim":false,"mustHitSection":true,"changeBPM":false,"bpm":160},{"lengthInSteps":16,"altAnim":false,"typeOfSection":0,"sectionNotes":[],"bpm":160,"changeBPM":false,"mustHitSection":true},{"lengthInSteps":16,"altAnim":false,"typeOfSection":0,"sectionNotes":[],"bpm":160,"changeBPM":false,"mustHitSection":true}],"player2":"spooky","song":"Spookeez","validScore":true,"sections":0,"needsVoices":true,"bpm":160,"speed":2.5}}