{"notes":[{"typeOfSection":0,"sectionNotes":[],"lengthInSteps":16,"bpm":95,"changeBPM":false,"mustHitSection":true},{"typeOfSection":0,"sectionNotes":[],"lengthInSteps":16,"bpm":95,"changeBPM":false,"mustHitSection":true},{"typeOfSection":0,"sectionNotes":[[3800,2,0],[4000,3,0],[4200,2,0],[4700,0,0]],"lengthInSteps":16,"bpm":150,"changeBPM":false,"mustHitSection":false},{"typeOfSection":0,"sectionNotes":[[5100,0,0],[5400,2,0],[5600,3,0],[5800,2,0],[6300,0,0],[5500,2,0],[5700,3,0]],"lengthInSteps":16,"bpm":150,"changeBPM":false,"mustHitSection":false},{"typeOfSection":0,"sectionNotes":[[7000,2,0],[7200,3,0],[7400,2,0],[7900,0,0]],"lengthInSteps":16,"bpm":150,"changeBPM":false,"mustHitSection":false},{"typeOfSection":0,"sectionNotes":[[8300,0,0],[8600,2,0],[8800,3,0],[9000,2,0],[9500,0,0],[8700,2,0],[8900,3,0]],"lengthInSteps":16,"bpm":150,"changeBPM":false,"mustHitSection":false},{"typeOfSection":0,"sectionNotes":[[10200,2,0],[10400,3,0],[10600,2,0],[11100,0,0]],"lengthInSteps":16,"bpm":150,"changeBPM":false,"mustHitSection":true},{"typeOfSection":0,"sectionNotes":[[11500,0,0],[11800,2,0],[12000,3,0],[12200,2,0],[12700,0,0],[11900,2,0],[12100,3,0]],"lengthInSteps":16,"bpm":150,"changeBPM":false,"mustHitSection":true},{"typeOfSection":0,"sectionNotes":[[13400,2,0],[13600,3,0],[13800,2,0],[14300,0,0]],"lengthInSteps":16,"bpm":150,"changeBPM":false,"mustHitSection":true},{"typeOfSection":0,"sectionNotes":[[14700,0,0],[15000,2,0],[15200,3,0],[15400,2,0],[15900,0,0],[15100,2,0],[15300,3,0],[15600,0,0]],"lengthInSteps":16,"bpm":150,"changeBPM":false,"mustHitSection":true},{"typeOfSection":0,"sectionNotes":[[16200,2,0],[16800,3,0],[17000,0,0],[17200,1,0],[16400,0,0],[16600,3,0]],"lengthInSteps":16,"bpm":150,"changeBPM":false,"mustHitSection":false},{"typeOfSection":0,"sectionNotes":[[17800,3,0],[18400,3,0],[18600,0,0],[18800,1,0],[18000,0,0],[18200,2,0]],"lengthInSteps":16,"bpm":150,"changeBPM":false,"mustHitSection":false},{"typeOfSection":0,"sectionNotes":[[19400,3,0],[20000,2,0],[20200,0,0],[20500,1,0],[19800,0,0],[19600,0,0]],"lengthInSteps":16,"bpm":150,"changeBPM":false,"mustHitSection":false},{"typeOfSection":0,"sectionNotes":[[21000,2,0],[21600,3,0],[21800,0,0],[22000,1,0],[21400,2,0],[21200,1,0]],"lengthInSteps":16,"bpm":150,"changeBPM":false,"mustHitSection":false},{"typeOfSection":0,"sectionNotes":[[22600,2,0],[23200,3,0],[23400,0,0],[23600,1,0],[22800,0,0],[23000,3,0]],"lengthInSteps":16,"bpm":150,"changeBPM":false,"mustHitSection":true},{"typeOfSection":0,"sectionNotes":[[24200,3,0],[24800,3,0],[25000,0,0],[25200,1,0],[24400,0,0],[24600,2,0]],"lengthInSteps":16,"bpm":150,"changeBPM":false,"mustHitSection":true},{"typeOfSection":0,"sectionNotes":[[25800,3,0],[26400,2,0],[26600,0,0],[26900,1,0],[26200,0,0],[26000,0,0]],"lengthInSteps":16,"bpm":150,"changeBPM":false,"mustHitSection":true},{"typeOfSection":0,"sectionNotes":[[27400,2,0],[28000,3,0],[28200,0,0],[28400,1,0],[27800,2,0],[27600,1,0]],"lengthInSteps":16,"bpm":150,"changeBPM":false,"mustHitSection":true},{"typeOfSection":0,"sectionNotes":[[29000,0,0],[29200,3,0],[29400,3,0],[29600,0,0],[29800,1,0],[30200,3,0],[30000,0,0]],"lengthInSteps":16,"bpm":150,"changeBPM":false,"mustHitSection":false},{"typeOfSection":0,"sectionNotes":[[30800,3,0],[30600,3,0],[30700,0,0],[31200,0,300],[31600,1,200],[30400,1,0],[31000,2,0]],"lengthInSteps":16,"bpm":150,"changeBPM":false,"mustHitSection":false},{"typeOfSection":0,"sectionNotes":[[32200,3,0],[32400,1,0],[32800,3,0],[32600,0,0],[33000,1,0],[33200,0,0],[33400,3,0]],"lengthInSteps":16,"bpm":150,"changeBPM":false,"mustHitSection":false},{"typeOfSection":0,"sectionNotes":[[33600,0,0],[33800,0,0],[34000,3,0],[34200,3,0],[34400,2,300],[34800,1,300]],"lengthInSteps":16,"bpm":150,"changeBPM":false,"mustHitSection":false},{"typeOfSection":0,"sectionNotes":[[35400,0,0],[35600,3,0],[35800,3,0],[36000,0,0],[36200,1,0],[36600,3,0],[36400,0,0]],"lengthInSteps":16,"bpm":150,"changeBPM":false,"mustHitSection":true},{"typeOfSection":0,"sectionNotes":[[37200,3,0],[37000,3,0],[37100,0,0],[37600,0,300],[38000,1,200],[36800,1,0],[37400,2,0]],"lengthInSteps":16,"bpm":150,"changeBPM":false,"mustHitSection":true},{"typeOfSection":0,"sectionNotes":[[38600,3,0],[38800,1,0],[39200,3,0],[38400,0,0],[39000,0,0],[39400,1,0],[39600,0,0],[39800,3,0]],"lengthInSteps":16,"bpm":150,"changeBPM":false,"mustHitSection":true},{"typeOfSection":0,"sectionNotes":[[40000,0,0],[40200,0,0],[40400,3,0],[40600,3,0],[40800,2,300],[41200,1,300]],"lengthInSteps":16,"bpm":150,"changeBPM":false,"mustHitSection":true},{"typeOfSection":0,"sectionNotes":[[41800,2,0],[42600,0,0],[42800,1,0],[42000,0,0],[42200,3,0],[42400,1,0],[42700,3,0]],"lengthInSteps":16,"bpm":150,"changeBPM":false,"mustHitSection":false},{"typeOfSection":0,"sectionNotes":[[43400,3,0],[44000,3,0],[44200,0,0],[44400,1,0],[43600,0,0],[43800,2,0],[44300,3,0]],"lengthInSteps":16,"bpm":150,"changeBPM":false,"mustHitSection":false},{"typeOfSection":0,"sectionNotes":[[45000,3,0],[45600,2,0],[45800,0,0],[45400,0,0],[45200,0,0],[45000,3,0],[45600,2,0],[45800,0,0],[45400,0,0],[45200,0,0],[45900,3,0],[46000,1,0]],"lengthInSteps":16,"bpm":150,"changeBPM":false,"mustHitSection":false},{"typeOfSection":0,"sectionNotes":[[46600,2,0],[47200,3,0],[47400,0,0],[47600,1,0],[47000,2,0],[46800,1,0],[47500,3,0]],"lengthInSteps":16,"bpm":150,"changeBPM":false,"mustHitSection":false},{"typeOfSection":0,"sectionNotes":[[48200,2,0],[49000,0,0],[49200,1,0],[48400,0,0],[48600,3,0],[48800,1,0],[49100,3,0]],"lengthInSteps":16,"bpm":150,"changeBPM":false,"mustHitSection":true},{"typeOfSection":0,"sectionNotes":[[49800,3,0],[50400,3,0],[50600,0,0],[50800,1,0],[50000,0,0],[50200,2,0],[50700,3,0]],"lengthInSteps":16,"bpm":150,"changeBPM":false,"mustHitSection":true},{"typeOfSection":0,"sectionNotes":[[51400,3,0],[52000,2,0],[52200,0,0],[51800,0,0],[51600,0,0],[51400,3,0],[52000,2,0],[52200,0,0],[51800,0,0],[51600,0,0],[52300,3,0],[52400,1,0]],"lengthInSteps":16,"bpm":150,"changeBPM":false,"mustHitSection":true},{"typeOfSection":0,"sectionNotes":[[53000,2,0],[53600,3,0],[53800,0,0],[54000,1,0],[53400,2,0],[53200,1,0],[53900,3,0]],"lengthInSteps":16,"bpm":150,"changeBPM":false,"mustHitSection":true},{"typeOfSection":0,"sectionNotes":[[55400,0,0],[55600,1,0],[54800,0,0],[55000,3,0],[55500,3,0],[54400,6,200],[55000,7,0],[55600,7,0],[55200,1,0],[55200,5,100]],"lengthInSteps":16,"bpm":150,"changeBPM":false,"mustHitSection":false},{"typeOfSection":0,"sectionNotes":[[56200,3,0],[56800,3,0],[57000,0,0],[57200,1,0],[56400,0,0],[56600,2,0],[57100,3,0],[56000,4,0],[56200,7,0],[56400,4,0],[56600,7,0],[56800,5,300]],"lengthInSteps":16,"bpm":150,"changeBPM":false,"mustHitSection":false},{"typeOfSection":0,"sectionNotes":[[57800,3,0],[58400,2,0],[58600,0,0],[58200,0,0],[58000,0,0],[57800,3,0],[58400,2,0],[58600,0,0],[58200,0,0],[58000,0,0],[58700,3,0],[58800,1,0],[58200,7,0],[58700,7,0],[57600,6,300],[58400,5,100]],"lengthInSteps":16,"bpm":150,"changeBPM":false,"mustHitSection":false},{"typeOfSection":0,"sectionNotes":[[59400,2,0],[60000,3,0],[60200,0,0],[60400,1,0],[59800,2,0],[59600,1,0],[60300,3,0],[59200,4,0],[59400,7,0],[59600,5,0],[59800,7,0],[60000,6,0],[60200,6,0],[60400,7,0],[60600,7,0]],"lengthInSteps":16,"bpm":150,"changeBPM":false,"mustHitSection":false},{"typeOfSection":0,"sectionNotes":[[61000,2,0],[62000,1,0],[61200,0,0],[61400,3,0],[61600,1,0],[61900,3,0],[61400,6,0],[61600,7,0],[61800,6,0],[61800,0,0]],"lengthInSteps":16,"bpm":150,"changeBPM":false,"mustHitSection":true},{"typeOfSection":0,"sectionNotes":[[62600,3,0],[63200,3,0],[63400,0,0],[63600,1,0],[62800,0,0],[63000,2,0],[63500,3,0],[63900,4,0],[62600,4,0],[63000,6,0],[63100,6,0],[63200,7,0],[63300,7,0],[63400,6,0]],"lengthInSteps":16,"bpm":150,"changeBPM":false,"mustHitSection":true},{"typeOfSection":0,"sectionNotes":[[64200,3,0],[64800,2,0],[65000,0,0],[64600,0,0],[64400,0,0],[64200,3,0],[64800,2,0],[65000,0,0],[64600,0,0],[64400,0,0],[65100,3,0],[65200,1,0],[64600,6,0],[64800,7,0],[65000,6,0],[65500,4,0]],"lengthInSteps":16,"bpm":150,"changeBPM":false,"mustHitSection":true},{"typeOfSection":0,"sectionNotes":[[66400,3,0],[66600,0,0],[66800,1,0],[66200,2,0],[66000,1,0],[66700,3,0],[65800,4,0],[65800,2,0],[66200,6,0],[66300,6,0],[66400,7,0],[66500,7,0],[66600,6,0],[67100,4,0]],"lengthInSteps":16,"bpm":150,"changeBPM":false,"mustHitSection":true},{"typeOfSection":0,"sectionNotes":[[67400,0,0],[67600,3,0],[67800,3,0],[68000,0,0],[68200,1,0],[68600,3,0],[68400,0,0]],"lengthInSteps":16,"bpm":150,"changeBPM":false,"mustHitSection":false},{"typeOfSection":0,"sectionNotes":[[69200,3,0],[69000,3,0],[69100,0,0],[69600,0,300],[70000,1,200],[68800,1,0],[69400,2,0]],"lengthInSteps":16,"bpm":150,"changeBPM":false,"mustHitSection":false},{"typeOfSection":0,"sectionNotes":[[70600,3,0],[70800,1,0],[71200,3,0],[71000,0,0],[71400,1,0],[71600,0,0],[71800,3,0]],"lengthInSteps":16,"bpm":150,"changeBPM":false,"mustHitSection":false},{"typeOfSection":0,"sectionNotes":[[72000,0,0],[72200,0,0],[72400,3,0],[72600,3,0],[72800,2,300],[73200,1,300]],"lengthInSteps":16,"bpm":150,"changeBPM":false,"mustHitSection":false},{"typeOfSection":0,"sectionNotes":[[73800,0,0],[74000,3,0],[74200,3,0],[74400,0,0],[74600,1,0],[75000,3,0],[74800,0,0]],"lengthInSteps":16,"bpm":150,"changeBPM":false,"mustHitSection":true},{"typeOfSection":0,"sectionNotes":[[75600,3,0],[75400,3,0],[75500,0,0],[76000,0,300],[76400,1,200],[75200,1,0],[75800,2,0]],"lengthInSteps":16,"bpm":150,"changeBPM":false,"mustHitSection":true},{"typeOfSection":0,"sectionNotes":[[77000,3,0],[77200,1,0],[77600,3,0],[76800,0,0],[77400,0,0],[77800,1,0],[78000,0,0],[78200,3,0]],"lengthInSteps":16,"bpm":150,"changeBPM":false,"mustHitSection":true},{"typeOfSection":0,"sectionNotes":[[78400,0,0],[78600,0,0],[78800,3,0],[79000,3,0],[79200,2,300],[79600,1,300]],"lengthInSteps":16,"bpm":150,"changeBPM":false,"mustHitSection":true},{"typeOfSection":0,"sectionNotes":[],"lengthInSteps":16,"bpm":150,"changeBPM":false,"mustHitSection":true},{"typeOfSection":0,"sectionNotes":[],"lengthInSteps":16,"bpm":150,"changeBPM":false,"mustHitSection":true},{"typeOfSection":0,"sectionNotes":[],"lengthInSteps":16,"bpm":150,"changeBPM":false,"mustHitSection":true},{"typeOfSection":0,"sectionNotes":[],"lengthInSteps":16,"bpm":150,"changeBPM":false,"mustHitSection":true},{"typeOfSection":0,"sectionNotes":[],"lengthInSteps":16,"bpm":150,"changeBPM":false,"mustHitSection":true},{"typeOfSection":0,"sectionNotes":[],"lengthInSteps":16,"bpm":150,"changeBPM":false,"mustHitSection":true},{"lengthInSteps":16,"typeOfSection":0,"sectionNotes":[],"bpm":150,"changeBPM":false,"mustHitSection":true},{"lengthInSteps":16,"typeOfSection":0,"sectionNotes":[],"bpm":150,"changeBPM":false,"mustHitSection":true},{"lengthInSteps":16,"typeOfSection":0,"sectionNotes":[],"bpm":150,"changeBPM":false,"mustHitSection":true},{"sectionNotes":[],"typeOfSection":0,"lengthInSteps":16,"mustHitSection":true,"changeBPM":false,"bpm":150},{"sectionNotes":[],"typeOfSection":0,"lengthInSteps":16,"mustHitSection":true,"changeBPM":false,"bpm":150},{"lengthInSteps":16,"typeOfSection":0,"sectionNotes":[],"bpm":150,"changeBPM":false,"mustHitSection":true},{"sectionNotes":[],"typeOfSection":0,"lengthInSteps":16,"altAnim":false,"mustHitSection":true,"changeBPM":false,"bpm":150},{"sectionNotes":[],"typeOfSection":0,"lengthInSteps":16,"altAnim":false,"mustHitSection":true,"changeBPM":false,"bpm":150},{"lengthInSteps":16,"altAnim":false,"typeOfSection":0,"sectionNotes":[],"bpm":150,"changeBPM":false,"mustHitSection":true}],"sections":65,"bpm":150,"song":{"sectionLengths":[],"player1":"bf","player2":"pico","notes":[{"typeOfSection":0,"sectionNotes":[],"lengthInSteps":16,"bpm":95,"changeBPM":false,"mustHitSection":true},{"typeOfSection":0,"sectionNotes":[],"lengthInSteps":16,"bpm":95,"changeBPM":false,"mustHitSection":true},{"typeOfSection":0,"sectionNotes":[[3800,2,0],[4000,3,0],[4200,2,0],[4700,0,0]],"lengthInSteps":16,"bpm":150,"changeBPM":false,"mustHitSection":false},{"typeOfSection":0,"sectionNotes":[[5100,0,0],[5400,2,0],[5600,3,0],[5800,2,0],[6300,0,0],[5500,2,0],[5700,3,0]],"lengthInSteps":16,"bpm":150,"changeBPM":false,"mustHitSection":false},{"typeOfSection":0,"sectionNotes":[[7000,2,0],[7200,3,0],[7400,2,0],[7900,0,0]],"lengthInSteps":16,"bpm":150,"changeBPM":false,"mustHitSection":false},{"typeOfSection":0,"sectionNotes":[[8300,0,0],[8600,2,0],[8800,3,0],[9000,2,0],[9500,0,0],[8700,2,0],[8900,3,0]],"lengthInSteps":16,"bpm":150,"changeBPM":false,"mustHitSection":false},{"typeOfSection":0,"sectionNotes":[[10200,2,0],[10400,3,0],[10600,2,0],[11100,0,0]],"lengthInSteps":16,"bpm":150,"changeBPM":false,"mustHitSection":true},{"typeOfSection":0,"sectionNotes":[[11500,0,0],[11800,2,0],[12000,3,0],[12200,2,0],[12700,0,0],[11900,2,0],[12100,3,0]],"lengthInSteps":16,"bpm":150,"changeBPM":false,"mustHitSection":true},{"typeOfSection":0,"sectionNotes":[[13400,2,0],[13600,3,0],[13800,2,0],[14300,0,0]],"lengthInSteps":16,"bpm":150,"changeBPM":false,"mustHitSection":true},{"typeOfSection":0,"sectionNotes":[[14700,0,0],[15000,2,0],[15200,3,0],[15400,2,0],[15900,0,0],[15100,2,0],[15300,3,0],[15600,0,0]],"lengthInSteps":16,"bpm":150,"changeBPM":false,"mustHitSection":true},{"typeOfSection":0,"sectionNotes":[[16200,2,0],[16800,3,0],[17000,0,0],[17200,1,0],[16400,0,0],[16600,3,0]],"lengthInSteps":16,"bpm":150,"changeBPM":false,"mustHitSection":false},{"typeOfSection":0,"sectionNotes":[[17800,3,0],[18400,3,0],[18600,0,0],[18800,1,0],[18000,0,0],[18200,2,0]],"lengthInSteps":16,"bpm":150,"changeBPM":false,"mustHitSection":false},{"typeOfSection":0,"sectionNotes":[[19400,3,0],[20000,2,0],[20200,0,0],[20500,1,0],[19800,0,0],[19600,0,0]],"lengthInSteps":16,"bpm":150,"changeBPM":false,"mustHitSection":false},{"typeOfSection":0,"sectionNotes":[[21000,2,0],[21600,3,0],[21800,0,0],[22000,1,0],[21400,2,0],[21200,1,0]],"lengthInSteps":16,"bpm":150,"changeBPM":false,"mustHitSection":false},{"typeOfSection":0,"sectionNotes":[[22600,2,0],[23200,3,0],[23400,0,0],[23600,1,0],[22800,0,0],[23000,3,0]],"lengthInSteps":16,"bpm":150,"changeBPM":false,"mustHitSection":true},{"typeOfSection":0,"sectionNotes":[[24200,3,0],[24800,3,0],[25000,0,0],[25200,1,0],[24400,0,0],[24600,2,0]],"lengthInSteps":16,"bpm":150,"changeBPM":false,"mustHitSection":true},{"typeOfSection":0,"sectionNotes":[[25800,3,0],[26400,2,0],[26600,0,0],[26900,1,0],[26200,0,0],[26000,0,0]],"lengthInSteps":16,"bpm":150,"changeBPM":false,"mustHitSection":true},{"typeOfSection":0,"sectionNotes":[[27400,2,0],[28000,3,0],[28200,0,0],[28400,1,0],[27800,2,0],[27600,1,0]],"lengthInSteps":16,"bpm":150,"changeBPM":false,"mustHitSection":true},{"typeOfSection":0,"sectionNotes":[[29000,0,0],[29200,3,0],[29400,3,0],[29600,0,0],[29800,1,0],[30200,3,0],[30000,0,0]],"lengthInSteps":16,"bpm":150,"changeBPM":false,"mustHitSection":false},{"typeOfSection":0,"sectionNotes":[[30800,3,0],[30600,3,0],[30700,0,0],[31200,0,300],[31600,1,200],[30400,1,0],[31000,2,0]],"lengthInSteps":16,"bpm":150,"changeBPM":false,"mustHitSection":false},{"typeOfSection":0,"sectionNotes":[[32200,3,0],[32400,1,0],[32800,3,0],[32600,0,0],[33000,1,0],[33200,0,0],[33400,3,0]],"lengthInSteps":16,"bpm":150,"changeBPM":false,"mustHitSection":false},{"typeOfSection":0,"sectionNotes":[[33600,0,0],[33800,0,0],[34000,3,0],[34200,3,0],[34400,2,300],[34800,1,300]],"lengthInSteps":16,"bpm":150,"changeBPM":false,"mustHitSection":false},{"typeOfSection":0,"sectionNotes":[[35400,0,0],[35600,3,0],[35800,3,0],[36000,0,0],[36200,1,0],[36600,3,0],[36400,0,0]],"lengthInSteps":16,"bpm":150,"changeBPM":false,"mustHitSection":true},{"typeOfSection":0,"sectionNotes":[[37200,3,0],[37000,3,0],[37100,0,0],[37600,0,300],[38000,1,200],[36800,1,0],[37400,2,0]],"lengthInSteps":16,"bpm":150,"changeBPM":false,"mustHitSection":true},{"typeOfSection":0,"sectionNotes":[[38600,3,0],[38800,1,0],[39200,3,0],[38400,0,0],[39000,0,0],[39400,1,0],[39600,0,0],[39800,3,0]],"lengthInSteps":16,"bpm":150,"changeBPM":false,"mustHitSection":true},{"typeOfSection":0,"sectionNotes":[[40000,0,0],[40200,0,0],[40400,3,0],[40600,3,0],[40800,2,300],[41200,1,300]],"lengthInSteps":16,"bpm":150,"changeBPM":false,"mustHitSection":true},{"typeOfSection":0,"sectionNotes":[[41800,2,0],[42600,0,0],[42800,1,0],[42000,0,0],[42200,3,0],[42400,1,0],[42700,3,0]],"lengthInSteps":16,"bpm":150,"changeBPM":false,"mustHitSection":false},{"typeOfSection":0,"sectionNotes":[[43400,3,0],[44000,3,0],[44200,0,0],[44400,1,0],[43600,0,0],[43800,2,0],[44300,3,0]],"lengthInSteps":16,"bpm":150,"changeBPM":false,"mustHitSection":false},{"typeOfSection":0,"sectionNotes":[[45000,3,0],[45600,2,0],[45800,0,0],[45400,0,0],[45200,0,0],[45000,3,0],[45600,2,0],[45800,0,0],[45400,0,0],[45200,0,0],[45900,3,0],[46000,1,0]],"lengthInSteps":16,"bpm":150,"changeBPM":false,"mustHitSection":false},{"typeOfSection":0,"sectionNotes":[[46600,2,0],[47200,3,0],[47400,0,0],[47600,1,0],[47000,2,0],[46800,1,0],[47500,3,0]],"lengthInSteps":16,"bpm":150,"changeBPM":false,"mustHitSection":false},{"typeOfSection":0,"sectionNotes":[[48200,2,0],[49000,0,0],[49200,1,0],[48400,0,0],[48600,3,0],[48800,1,0],[49100,3,0]],"lengthInSteps":16,"bpm":150,"changeBPM":false,"mustHitSection":true},{"typeOfSection":0,"sectionNotes":[[49800,3,0],[50400,3,0],[50600,0,0],[50800,1,0],[50000,0,0],[50200,2,0],[50700,3,0]],"lengthInSteps":16,"bpm":150,"changeBPM":false,"mustHitSection":true},{"typeOfSection":0,"sectionNotes":[[51400,3,0],[52000,2,0],[52200,0,0],[51800,0,0],[51600,0,0],[51400,3,0],[52000,2,0],[52200,0,0],[51800,0,0],[51600,0,0],[52300,3,0],[52400,1,0]],"lengthInSteps":16,"bpm":150,"changeBPM":false,"mustHitSection":true},{"typeOfSection":0,"sectionNotes":[[53000,2,0],[53600,3,0],[53800,0,0],[54000,1,0],[53400,2,0],[53200,1,0],[53900,3,0]],"lengthInSteps":16,"bpm":150,"changeBPM":false,"mustHitSection":true},{"typeOfSection":0,"sectionNotes":[[55400,0,0],[55600,1,0],[54800,0,0],[55000,3,0],[55500,3,0],[54400,6,200],[55000,7,0],[55600,7,0],[55200,1,0],[55200,5,100]],"lengthInSteps":16,"bpm":150,"changeBPM":false,"mustHitSection":false},{"typeOfSection":0,"sectionNotes":[[56200,3,0],[56800,3,0],[57000,0,0],[57200,1,0],[56400,0,0],[56600,2,0],[57100,3,0],[56000,4,0],[56200,7,0],[56400,4,0],[56600,7,0],[56800,5,300]],"lengthInSteps":16,"bpm":150,"changeBPM":false,"mustHitSection":false},{"typeOfSection":0,"sectionNotes":[[57800,3,0],[58400,2,0],[58600,0,0],[58200,0,0],[58000,0,0],[57800,3,0],[58400,2,0],[58600,0,0],[58200,0,0],[58000,0,0],[58700,3,0],[58800,1,0],[58200,7,0],[58700,7,0],[57600,6,300],[58400,5,100]],"lengthInSteps":16,"bpm":150,"changeBPM":false,"mustHitSection":false},{"typeOfSection":0,"sectionNotes":[[59400,2,0],[60000,3,0],[60200,0,0],[60400,1,0],[59800,2,0],[59600,1,0],[60300,3,0],[59200,4,0],[59400,7,0],[59600,5,0],[59800,7,0],[60000,6,0],[60200,6,0],[60400,7,0],[60600,7,0]],"lengthInSteps":16,"bpm":150,"changeBPM":false,"mustHitSection":false},{"typeOfSection":0,"sectionNotes":[[61000,2,0],[62000,1,0],[61200,0,0],[61400,3,0],[61600,1,0],[61900,3,0],[61400,6,0],[61600,7,0],[61800,6,0],[61800,0,0]],"lengthInSteps":16,"bpm":150,"changeBPM":false,"mustHitSection":true},{"typeOfSection":0,"sectionNotes":[[62600,3,0],[63200,3,0],[63400,0,0],[63600,1,0],[62800,0,0],[63000,2,0],[63500,3,0],[63900,4,0],[62600,4,0],[63000,6,0],[63100,6,0],[63200,7,0],[63300,7,0],[63400,6,0]],"lengthInSteps":16,"bpm":150,"changeBPM":false,"mustHitSection":true},{"typeOfSection":0,"sectionNotes":[[64200,3,0],[64800,2,0],[65000,0,0],[64600,0,0],[64400,0,0],[64200,3,0],[64800,2,0],[65000,0,0],[64600,0,0],[64400,0,0],[65100,3,0],[65200,1,0],[64600,6,0],[64800,7,0],[65000,6,0],[65500,4,0]],"lengthInSteps":16,"bpm":150,"changeBPM":false,"mustHitSection":true},{"typeOfSection":0,"sectionNotes":[[66400,3,0],[66600,0,0],[66800,1,0],[66200,2,0],[66000,1,0],[66700,3,0],[65800,4,0],[65800,2,0],[66200,6,0],[66300,6,0],[66400,7,0],[66500,7,0],[66600,6,0],[67100,4,0]],"lengthInSteps":16,"bpm":150,"changeBPM":false,"mustHitSection":true},{"typeOfSection":0,"sectionNotes":[[67400,0,0],[67600,3,0],[67800,3,0],[68000,0,0],[68200,1,0],[68600,3,0],[68400,0,0]],"lengthInSteps":16,"bpm":150,"changeBPM":false,"mustHitSection":false},{"typeOfSection":0,"sectionNotes":[[69200,3,0],[69000,3,0],[69100,0,0],[69600,0,300],[70000,1,200],[68800,1,0],[69400,2,0]],"lengthInSteps":16,"bpm":150,"changeBPM":false,"mustHitSection":false},{"typeOfSection":0,"sectionNotes":[[70600,3,0],[70800,1,0],[71200,3,0],[71000,0,0],[71400,1,0],[71600,0,0],[71800,3,0]],"lengthInSteps":16,"bpm":150,"changeBPM":false,"mustHitSection":false},{"typeOfSection":0,"sectionNotes":[[72000,0,0],[72200,0,0],[72400,3,0],[72600,3,0],[72800,2,300],[73200,1,300]],"lengthInSteps":16,"bpm":150,"changeBPM":false,"mustHitSection":false},{"typeOfSection":0,"sectionNotes":[[73800,0,0],[74000,3,0],[74200,3,0],[74400,0,0],[74600,1,0],[75000,3,0],[74800,0,0]],"lengthInSteps":16,"bpm":150,"changeBPM":false,"mustHitSection":true},{"typeOfSection":0,"sectionNotes":[[75600,3,0],[75400,3,0],[75500,0,0],[76000,0,300],[76400,1,200],[75200,1,0],[75800,2,0]],"lengthInSteps":16,"bpm":150,"changeBPM":false,"mustHitSection":true},{"typeOfSection":0,"sectionNotes":[[77000,3,0],[77200,1,0],[77600,3,0],[76800,0,0],[77400,0,0],[77800,1,0],[78000,0,0],[78200,3,0]],"lengthInSteps":16,"bpm":150,"changeBPM":false,"mustHitSection":true},{"typeOfSection":0,"sectionNotes":[[78400,0,0],[78600,0,0],[78800,3,0],[79000,3,0],[79200,2,300],[79600,1,300]],"lengthInSteps":16,"bpm":150,"changeBPM":false,"mustHitSection":true},{"typeOfSection":0,"sectionNotes":[],"lengthInSteps":16,"bpm":150,"changeBPM":false,"mustHitSection":true},{"typeOfSection":0,"sectionNotes":[],"lengthInSteps":16,"bpm":150,"changeBPM":false,"mustHitSection":true},{"typeOfSection":0,"sectionNotes":[],"lengthInSteps":16,"bpm":150,"changeBPM":false,"mustHitSection":true},{"typeOfSection":0,"sectionNotes":[],"lengthInSteps":16,"bpm":150,"changeBPM":false,"mustHitSection":true},{"typeOfSection":0,"sectionNotes":[],"lengthInSteps":16,"bpm":150,"changeBPM":false,"mustHitSection":true},{"typeOfSection":0,"sectionNotes":[],"lengthInSteps":16,"bpm":150,"changeBPM":false,"mustHitSection":true},{"lengthInSteps":16,"typeOfSection":0,"sectionNotes":[],"bpm":150,"changeBPM":false,"mustHitSection":true},{"lengthInSteps":16,"typeOfSection":0,"sectionNotes":[],"bpm":150,"changeBPM":false,"mustHitSection":true},{"lengthInSteps":16,"typeOfSection":0,"sectionNotes":[],"bpm":150,"changeBPM":false,"mustHitSection":true},{"sectionNotes":[],"typeOfSection":0,"lengthInSteps":16,"mustHitSection":true,"changeBPM":false,"bpm":150},{"sectionNotes":[],"typeOfSection":0,"lengthInSteps":16,"mustHitSection":true,"changeBPM":false,"bpm":150},{"lengthInSteps":16,"typeOfSection":0,"sectionNotes":[],"bpm":150,"changeBPM":false,"mustHitSection":true},{"sectionNotes":[],"typeOfSection":0,"lengthInSteps":16,"altAnim":false,"mustHitSection":true,"changeBPM":false,"bpm":150},{"sectionNotes":[],"typeOfSection":0,"lengthInSteps":16,"altAnim":false,"mustHitSection":true,"changeBPM":false,"bpm":150},{"lengthInSteps":16,"altAnim":false,"typeOfSection":0,"sectionNotes":[],"bpm":150,"changeBPM":false,"mustHitSection":true}],"song":"Pico","validScore":true,"sections":0,"needsVoices":true,"speed":1.6,"bpm":150}}