{"notes":[{"lengthInSteps":16,"sectionNotes":[],"typeOfSection":0,"mustHitSection":true,"changeBPM":false,"bpm":95},{"lengthInSteps":16,"sectionNotes":[],"typeOfSection":0,"mustHitSection":true,"changeBPM":false,"bpm":95},{"lengthInSteps":16,"sectionNotes":[[3400,0,0],[3800,0,0],[4200,0,0],[4400,3,0],[4600,2,0]],"typeOfSection":0,"mustHitSection":false,"changeBPM":false,"bpm":95},{"lengthInSteps":16,"sectionNotes":[[5000,0,0],[5400,0,0],[5600,3,0],[5700,1,0],[6000,3,0]],"typeOfSection":0,"mustHitSection":false,"changeBPM":false,"bpm":95},{"lengthInSteps":16,"sectionNotes":[[6600,0,0],[7000,0,0],[7400,0,0],[7600,3,0],[7800,2,0]],"typeOfSection":0,"mustHitSection":false,"changeBPM":false,"bpm":95},{"lengthInSteps":16,"sectionNotes":[[8200,0,0],[8600,0,0],[9200,3,0],[8800,3,0],[8900,1,0]],"typeOfSection":0,"mustHitSection":false,"changeBPM":false,"bpm":95},{"lengthInSteps":16,"sectionNotes":[[9800,0,0],[10200,0,0],[10600,0,0],[10800,3,0],[11000,2,0]],"typeOfSection":0,"mustHitSection":true,"changeBPM":false,"bpm":95},{"lengthInSteps":16,"sectionNotes":[[11400,0,0],[11800,0,0],[12400,3,0],[12000,3,0],[12100,1,0]],"typeOfSection":0,"mustHitSection":true,"changeBPM":false,"bpm":95},{"lengthInSteps":16,"sectionNotes":[[13000,0,0],[13400,0,0],[13800,0,0],[14000,3,0],[14200,2,0]],"typeOfSection":0,"mustHitSection":true,"changeBPM":false,"bpm":95},{"lengthInSteps":16,"sectionNotes":[[14600,0,0],[15000,0,0],[15200,3,0],[15300,1,0]],"typeOfSection":0,"mustHitSection":true,"changeBPM":false,"bpm":95},{"lengthInSteps":16,"sectionNotes":[[16000,2,0],[17400,2,0],[16400,1,0],[16200,3,0],[16800,1,0],[17200,3,0]],"typeOfSection":0,"altAnim":true,"mustHitSection":false,"changeBPM":false,"bpm":150},{"lengthInSteps":16,"sectionNotes":[[17800,0,0],[18200,0,0],[18600,0,0],[19000,3,400],[18800,1,0]],"typeOfSection":0,"altAnim":true,"mustHitSection":false,"changeBPM":false,"bpm":150},{"lengthInSteps":16,"sectionNotes":[[19600,2,200],[20000,3,200],[20400,2,0],[20600,3,0]],"typeOfSection":0,"altAnim":true,"mustHitSection":false,"changeBPM":false,"bpm":150},{"lengthInSteps":16,"sectionNotes":[[22000,2,300],[21800,0,0],[21000,3,0],[21400,0,0]],"typeOfSection":0,"altAnim":true,"mustHitSection":false,"changeBPM":false,"bpm":150},{"lengthInSteps":16,"sectionNotes":[[22400,2,0],[23800,2,0],[22800,1,0],[22600,3,0],[22900,3,0],[23200,1,0],[23600,3,0],[22400,4,300]],"typeOfSection":0,"mustHitSection":true,"changeBPM":false,"bpm":150},{"lengthInSteps":16,"sectionNotes":[[24200,0,0],[24600,0,0],[25000,0,0],[25400,3,400],[25200,1,0]],"typeOfSection":0,"mustHitSection":true,"changeBPM":false,"bpm":150},{"lengthInSteps":16,"sectionNotes":[[26000,2,200],[26400,3,200],[26800,2,0],[27000,3,0]],"typeOfSection":0,"mustHitSection":true,"changeBPM":false,"bpm":150},{"lengthInSteps":16,"sectionNotes":[[28400,2,300],[28200,0,0],[27400,3,0],[27800,0,0]],"typeOfSection":0,"mustHitSection":true,"changeBPM":false,"bpm":150},{"lengthInSteps":16,"sectionNotes":[[28800,4,300],[29000,0,0],[29200,3,0],[29600,3,0],[29800,0,0],[30000,3,0],[29400,0,0],[30200,0,0]],"typeOfSection":0,"mustHitSection":false,"changeBPM":false,"bpm":150},{"lengthInSteps":16,"sectionNotes":[[30600,0,0],[30800,3,0],[31200,3,0],[31400,0,0],[31600,3,0],[31800,0,0],[30400,3,0],[31000,0,0]],"typeOfSection":0,"mustHitSection":false,"changeBPM":false,"bpm":150},{"lengthInSteps":16,"sectionNotes":[[32200,0,0],[32400,3,0],[32800,3,0],[33000,0,0],[33200,3,0],[32600,0,0],[33400,0,0]],"typeOfSection":0,"mustHitSection":false,"changeBPM":false,"bpm":150},{"lengthInSteps":16,"sectionNotes":[[33800,0,0],[34000,3,0],[34400,0,0],[34200,0,0],[34600,3,0],[34800,0,0],[35000,3,0]],"typeOfSection":0,"mustHitSection":false,"changeBPM":false,"bpm":150},{"lengthInSteps":16,"sectionNotes":[[35200,4,300],[35400,0,0],[35600,3,0],[36000,3,0],[36200,0,0],[36400,3,0],[35800,0,0],[36600,0,0]],"typeOfSection":0,"mustHitSection":true,"changeBPM":false,"bpm":150},{"lengthInSteps":16,"sectionNotes":[[37000,0,0],[37200,3,0],[37600,3,0],[37800,0,0],[38000,3,0],[38200,0,0],[36800,3,0],[37400,0,0]],"typeOfSection":0,"mustHitSection":true,"changeBPM":false,"bpm":150},{"lengthInSteps":16,"sectionNotes":[[38600,0,0],[38800,3,0],[39200,3,0],[39400,0,0],[39600,3,0],[39000,0,0],[39800,0,0]],"typeOfSection":0,"mustHitSection":true,"changeBPM":false,"bpm":150},{"lengthInSteps":16,"sectionNotes":[[40200,0,0],[40400,3,0],[40800,0,0],[40600,0,0],[41000,3,0],[41200,0,0],[41400,3,0]],"typeOfSection":0,"mustHitSection":true,"changeBPM":false,"bpm":150},{"lengthInSteps":16,"sectionNotes":[[41600,7,300],[41600,0,0],[42000,3,0],[42200,0,0],[41800,3,0],[42400,0,0],[42600,3,0],[42800,1,0]],"typeOfSection":0,"altAnim":true,"mustHitSection":false,"changeBPM":false,"bpm":150},{"lengthInSteps":16,"sectionNotes":[[43200,7,300],[43200,0,0],[43600,3,0],[43800,0,0],[43400,3,0],[44000,0,0],[44200,3,0],[44400,1,0]],"typeOfSection":0,"mustHitSection":true,"changeBPM":false,"bpm":150},{"lengthInSteps":16,"sectionNotes":[[44800,7,300],[44800,0,0],[45200,3,0],[45400,0,0],[45000,3,0],[45600,0,0],[45800,3,0],[46000,1,0],[46200,2,0]],"typeOfSection":0,"altAnim":true,"mustHitSection":false,"changeBPM":false,"bpm":150},{"lengthInSteps":16,"sectionNotes":[[46400,7,300],[46400,0,0],[46800,3,0],[47000,0,0],[46600,3,0],[47200,0,0],[47400,3,0],[47600,1,0]],"typeOfSection":0,"mustHitSection":true,"changeBPM":false,"bpm":150},{"lengthInSteps":16,"sectionNotes":[[48200,0,0],[48600,0,0],[49000,0,0],[49400,1,0],[49200,2,0]],"typeOfSection":0,"mustHitSection":false,"changeBPM":false,"bpm":150},{"lengthInSteps":16,"sectionNotes":[[49800,0,0],[50200,0,0],[50600,0,0],[50800,3,0],[51000,2,0]],"typeOfSection":0,"mustHitSection":false,"changeBPM":false,"bpm":150},{"lengthInSteps":16,"sectionNotes":[[51400,0,0],[51800,0,0],[52200,0,0],[52600,1,0],[52400,2,0]],"typeOfSection":0,"mustHitSection":false,"changeBPM":false,"bpm":150},{"lengthInSteps":16,"sectionNotes":[[53000,0,0],[53400,0,0],[53800,0,0],[54000,3,0],[54200,2,0]],"typeOfSection":0,"mustHitSection":false,"changeBPM":false,"bpm":150},{"lengthInSteps":16,"sectionNotes":[[54600,0,0],[55000,0,0],[55400,0,0],[55800,1,0],[55600,2,0]],"typeOfSection":0,"mustHitSection":true,"changeBPM":false,"bpm":150},{"lengthInSteps":16,"sectionNotes":[[56200,0,0],[56600,0,0],[57000,0,0],[57200,3,0],[57400,2,0]],"typeOfSection":0,"mustHitSection":true,"changeBPM":false,"bpm":150},{"lengthInSteps":16,"sectionNotes":[[57800,0,0],[58200,0,0],[58600,0,0],[59000,1,0],[58800,2,0]],"typeOfSection":0,"mustHitSection":true,"changeBPM":false,"bpm":150},{"lengthInSteps":16,"sectionNotes":[[59400,0,0],[59800,0,0],[60200,0,0],[60400,3,0],[60600,2,0]],"typeOfSection":0,"mustHitSection":true,"changeBPM":false,"bpm":150},{"lengthInSteps":16,"sectionNotes":[[60800,2,0],[61000,3,0],[61200,0,0],[61600,1,0],[61800,0,0],[62000,1,0],[61400,3,0],[62200,3,0]],"typeOfSection":0,"altAnim":true,"mustHitSection":false,"changeBPM":false,"bpm":150},{"lengthInSteps":16,"sectionNotes":[[62400,0,0],[62800,0,0],[63600,3,200],[62600,3,0],[63000,0,100],[63200,2,0],[63400,0,0]],"typeOfSection":0,"altAnim":true,"mustHitSection":false,"changeBPM":false,"bpm":150},{"lengthInSteps":16,"sectionNotes":[[64000,2,0],[64200,3,0],[64400,0,0],[64800,1,0],[65000,0,0],[65200,1,0],[64600,3,0],[65400,3,0]],"typeOfSection":0,"mustHitSection":true,"changeBPM":false,"bpm":150},{"lengthInSteps":16,"sectionNotes":[[65600,0,0],[66000,0,0],[66800,3,200],[65800,3,0],[66200,0,100],[66400,2,0],[66600,0,0]],"typeOfSection":0,"mustHitSection":true,"changeBPM":false,"bpm":150},{"lengthInSteps":16,"sectionNotes":[[67200,1,0],[67400,3,0],[67600,0,200],[68000,1,0],[68400,1,0],[68200,3,0],[68600,0,0]],"typeOfSection":0,"altAnim":true,"mustHitSection":false,"changeBPM":false,"bpm":150},{"lengthInSteps":16,"sectionNotes":[[68800,3,0],[70000,2,300],[69000,1,0],[69200,3,0],[69300,0,0],[69400,3,0],[69600,2,200]],"typeOfSection":0,"altAnim":true,"mustHitSection":false,"changeBPM":false,"bpm":150},{"lengthInSteps":16,"sectionNotes":[[70400,1,0],[70600,3,0],[70800,0,200],[71200,1,0],[71600,1,0],[71400,3,0],[71800,0,0]],"typeOfSection":0,"mustHitSection":true,"changeBPM":false,"bpm":150},{"lengthInSteps":16,"sectionNotes":[[72000,3,0],[73200,2,300],[72200,1,0],[72400,3,0],[72500,0,0],[72600,3,0],[72800,2,200]],"typeOfSection":0,"mustHitSection":true,"changeBPM":false,"bpm":150},{"lengthInSteps":16,"sectionNotes":[[73800,4,0],[74000,7,0],[74400,7,0],[74600,4,0],[74800,7,0],[74200,4,0],[75000,4,0],[73600,2,0],[75000,2,0],[74000,1,0],[73800,3,0],[74400,1,0],[74800,3,0]],"typeOfSection":0,"mustHitSection":true,"changeBPM":false,"bpm":150},{"lengthInSteps":16,"sectionNotes":[[75400,4,0],[75600,7,0],[76000,7,0],[76200,4,0],[76400,7,0],[76600,4,0],[75200,7,0],[75800,4,0],[75400,0,0],[75800,0,0],[76200,0,0],[76600,3,400],[76400,1,0]],"typeOfSection":0,"mustHitSection":true,"changeBPM":false,"bpm":150},{"lengthInSteps":16,"sectionNotes":[[77000,4,0],[77200,7,0],[77600,7,0],[77800,4,0],[78000,7,0],[77400,4,0],[78200,4,0],[77200,2,200],[77600,3,200],[78000,2,0],[78200,3,0]],"typeOfSection":0,"mustHitSection":true,"changeBPM":false,"bpm":150},{"lengthInSteps":16,"sectionNotes":[[78600,4,0],[78800,7,0],[79200,4,0],[79000,4,0],[79400,7,0],[79600,4,0],[79800,7,0],[79600,2,300],[79400,0,0],[78600,3,0],[79000,0,0]],"typeOfSection":0,"mustHitSection":true,"changeBPM":false,"bpm":150},{"lengthInSteps":16,"sectionNotes":[[80000,6,0],[81400,6,0],[80400,5,0],[80200,7,0],[80500,7,0],[80800,5,0],[81200,7,0],[80200,0,0],[80400,3,0],[80800,3,0],[81000,0,0],[81200,3,0],[80600,0,0],[81400,0,0]],"typeOfSection":0,"altAnim":true,"mustHitSection":true,"changeBPM":false,"bpm":150},{"lengthInSteps":16,"sectionNotes":[[81800,4,0],[82200,4,0],[82600,4,0],[83000,7,400],[82800,5,0],[81800,0,0],[82000,3,0],[82400,3,0],[82600,0,0],[82800,3,0],[83000,0,0],[81600,3,0],[82200,0,0]],"typeOfSection":0,"altAnim":true,"mustHitSection":true,"changeBPM":false,"bpm":150},{"lengthInSteps":16,"sectionNotes":[[83600,6,200],[84000,7,200],[84400,6,0],[84600,7,0],[83400,0,0],[83600,3,0],[84000,3,0],[84200,0,0],[84400,3,0],[83800,0,0],[84600,0,0]],"typeOfSection":0,"altAnim":true,"mustHitSection":true,"changeBPM":false,"bpm":150},{"lengthInSteps":16,"sectionNotes":[[86000,6,300],[85800,4,0],[85000,7,0],[85400,4,0],[85000,0,0],[85200,3,0],[85600,0,0],[85400,0,0],[85800,3,0],[86000,0,0],[86200,3,0]],"typeOfSection":0,"altAnim":true,"mustHitSection":true,"changeBPM":false,"bpm":150},{"lengthInSteps":16,"sectionNotes":[[86400,7,300],[86400,0,0],[86800,3,0],[87000,0,0],[86600,3,0],[87200,0,0],[87400,3,0],[87600,1,0]],"typeOfSection":0,"altAnim":true,"mustHitSection":false,"changeBPM":false,"bpm":150},{"lengthInSteps":16,"sectionNotes":[[88000,7,300],[88000,0,0],[88400,3,0],[88600,0,0],[88200,3,0],[88800,0,0],[89000,3,0],[89200,1,0]],"typeOfSection":0,"mustHitSection":true,"changeBPM":false,"bpm":150},{"lengthInSteps":16,"sectionNotes":[[89600,7,300],[89600,0,0],[90000,3,0],[90200,0,0],[89800,3,0],[90400,0,0],[90600,3,0],[90800,1,0]],"typeOfSection":0,"altAnim":true,"mustHitSection":false,"changeBPM":false,"bpm":150},{"lengthInSteps":16,"sectionNotes":[[91200,7,300],[91200,0,0],[91600,3,0],[91800,0,0],[91400,3,0],[92000,0,0],[92200,3,0],[92400,1,0]],"typeOfSection":0,"mustHitSection":true,"changeBPM":false,"bpm":150},{"lengthInSteps":16,"sectionNotes":[[92800,0,700]],"typeOfSection":0,"mustHitSection":true,"changeBPM":false,"bpm":150},{"lengthInSteps":16,"sectionNotes":[],"typeOfSection":0,"mustHitSection":true,"changeBPM":false,"bpm":150},{"lengthInSteps":16,"sectionNotes":[],"typeOfSection":0,"altAnim":false,"mustHitSection":true,"changeBPM":false,"bpm":150},{"lengthInSteps":16,"sectionNotes":[],"typeOfSection":0,"altAnim":false,"mustHitSection":true,"changeBPM":false,"bpm":150},{"lengthInSteps":16,"sectionNotes":[],"typeOfSection":0,"altAnim":false,"mustHitSection":true,"changeBPM":false,"bpm":150},{"lengthInSteps":16,"sectionNotes":[],"typeOfSection":0,"altAnim":false,"mustHitSection":true,"changeBPM":false,"bpm":150},{"sectionNotes":[],"typeOfSection":0,"lengthInSteps":16,"altAnim":false,"mustHitSection":true,"changeBPM":false,"bpm":150},{"lengthInSteps":16,"altAnim":false,"typeOfSection":0,"sectionNotes":[],"bpm":150,"changeBPM":false,"mustHitSection":true}],"sections":66,"bpm":150,"song":{"player1":"bf-christmas","sectionLengths":[],"notes":[{"lengthInSteps":16,"sectionNotes":[],"typeOfSection":0,"mustHitSection":true,"changeBPM":false,"bpm":95},{"lengthInSteps":16,"sectionNotes":[],"typeOfSection":0,"mustHitSection":true,"changeBPM":false,"bpm":95},{"lengthInSteps":16,"sectionNotes":[[3400,0,0],[3800,0,0],[4200,0,0],[4400,3,0],[4600,2,0]],"typeOfSection":0,"mustHitSection":false,"changeBPM":false,"bpm":95},{"lengthInSteps":16,"sectionNotes":[[5000,0,0],[5400,0,0],[5600,3,0],[5700,1,0],[6000,3,0]],"typeOfSection":0,"mustHitSection":false,"changeBPM":false,"bpm":95},{"lengthInSteps":16,"sectionNotes":[[6600,0,0],[7000,0,0],[7400,0,0],[7600,3,0],[7800,2,0]],"typeOfSection":0,"mustHitSection":false,"changeBPM":false,"bpm":95},{"lengthInSteps":16,"sectionNotes":[[8200,0,0],[8600,0,0],[9200,3,0],[8800,3,0],[8900,1,0]],"typeOfSection":0,"mustHitSection":false,"changeBPM":false,"bpm":95},{"lengthInSteps":16,"sectionNotes":[[9800,0,0],[10200,0,0],[10600,0,0],[10800,3,0],[11000,2,0]],"typeOfSection":0,"mustHitSection":true,"changeBPM":false,"bpm":95},{"lengthInSteps":16,"sectionNotes":[[11400,0,0],[11800,0,0],[12400,3,0],[12000,3,0],[12100,1,0]],"typeOfSection":0,"mustHitSection":true,"changeBPM":false,"bpm":95},{"lengthInSteps":16,"sectionNotes":[[13000,0,0],[13400,0,0],[13800,0,0],[14000,3,0],[14200,2,0]],"typeOfSection":0,"mustHitSection":true,"changeBPM":false,"bpm":95},{"lengthInSteps":16,"sectionNotes":[[14600,0,0],[15000,0,0],[15200,3,0],[15300,1,0]],"typeOfSection":0,"mustHitSection":true,"changeBPM":false,"bpm":95},{"lengthInSteps":16,"sectionNotes":[[16000,2,0],[17400,2,0],[16400,1,0],[16200,3,0],[16800,1,0],[17200,3,0]],"typeOfSection":0,"altAnim":true,"mustHitSection":false,"changeBPM":false,"bpm":150},{"lengthInSteps":16,"sectionNotes":[[17800,0,0],[18200,0,0],[18600,0,0],[19000,3,400],[18800,1,0]],"typeOfSection":0,"altAnim":true,"mustHitSection":false,"changeBPM":false,"bpm":150},{"lengthInSteps":16,"sectionNotes":[[19600,2,200],[20000,3,200],[20400,2,0],[20600,3,0]],"typeOfSection":0,"altAnim":true,"mustHitSection":false,"changeBPM":false,"bpm":150},{"lengthInSteps":16,"sectionNotes":[[22000,2,300],[21800,0,0],[21000,3,0],[21400,0,0]],"typeOfSection":0,"altAnim":true,"mustHitSection":false,"changeBPM":false,"bpm":150},{"lengthInSteps":16,"sectionNotes":[[22400,2,0],[23800,2,0],[22800,1,0],[22600,3,0],[22900,3,0],[23200,1,0],[23600,3,0],[22400,4,300]],"typeOfSection":0,"mustHitSection":true,"changeBPM":false,"bpm":150},{"lengthInSteps":16,"sectionNotes":[[24200,0,0],[24600,0,0],[25000,0,0],[25400,3,400],[25200,1,0]],"typeOfSection":0,"mustHitSection":true,"changeBPM":false,"bpm":150},{"lengthInSteps":16,"sectionNotes":[[26000,2,200],[26400,3,200],[26800,2,0],[27000,3,0]],"typeOfSection":0,"mustHitSection":true,"changeBPM":false,"bpm":150},{"lengthInSteps":16,"sectionNotes":[[28400,2,300],[28200,0,0],[27400,3,0],[27800,0,0]],"typeOfSection":0,"mustHitSection":true,"changeBPM":false,"bpm":150},{"lengthInSteps":16,"sectionNotes":[[28800,4,300],[29000,0,0],[29200,3,0],[29600,3,0],[29800,0,0],[30000,3,0],[29400,0,0],[30200,0,0]],"typeOfSection":0,"mustHitSection":false,"changeBPM":false,"bpm":150},{"lengthInSteps":16,"sectionNotes":[[30600,0,0],[30800,3,0],[31200,3,0],[31400,0,0],[31600,3,0],[31800,0,0],[30400,3,0],[31000,0,0]],"typeOfSection":0,"mustHitSection":false,"changeBPM":false,"bpm":150},{"lengthInSteps":16,"sectionNotes":[[32200,0,0],[32400,3,0],[32800,3,0],[33000,0,0],[33200,3,0],[32600,0,0],[33400,0,0]],"typeOfSection":0,"mustHitSection":false,"changeBPM":false,"bpm":150},{"lengthInSteps":16,"sectionNotes":[[33800,0,0],[34000,3,0],[34400,0,0],[34200,0,0],[34600,3,0],[34800,0,0],[35000,3,0]],"typeOfSection":0,"mustHitSection":false,"changeBPM":false,"bpm":150},{"lengthInSteps":16,"sectionNotes":[[35200,4,300],[35400,0,0],[35600,3,0],[36000,3,0],[36200,0,0],[36400,3,0],[35800,0,0],[36600,0,0]],"typeOfSection":0,"mustHitSection":true,"changeBPM":false,"bpm":150},{"lengthInSteps":16,"sectionNotes":[[37000,0,0],[37200,3,0],[37600,3,0],[37800,0,0],[38000,3,0],[38200,0,0],[36800,3,0],[37400,0,0]],"typeOfSection":0,"mustHitSection":true,"changeBPM":false,"bpm":150},{"lengthInSteps":16,"sectionNotes":[[38600,0,0],[38800,3,0],[39200,3,0],[39400,0,0],[39600,3,0],[39000,0,0],[39800,0,0]],"typeOfSection":0,"mustHitSection":true,"changeBPM":false,"bpm":150},{"lengthInSteps":16,"sectionNotes":[[40200,0,0],[40400,3,0],[40800,0,0],[40600,0,0],[41000,3,0],[41200,0,0],[41400,3,0]],"typeOfSection":0,"mustHitSection":true,"changeBPM":false,"bpm":150},{"lengthInSteps":16,"sectionNotes":[[41600,7,300],[41600,0,0],[42000,3,0],[42200,0,0],[41800,3,0],[42400,0,0],[42600,3,0],[42800,1,0]],"typeOfSection":0,"altAnim":true,"mustHitSection":false,"changeBPM":false,"bpm":150},{"lengthInSteps":16,"sectionNotes":[[43200,7,300],[43200,0,0],[43600,3,0],[43800,0,0],[43400,3,0],[44000,0,0],[44200,3,0],[44400,1,0]],"typeOfSection":0,"mustHitSection":true,"changeBPM":false,"bpm":150},{"lengthInSteps":16,"sectionNotes":[[44800,7,300],[44800,0,0],[45200,3,0],[45400,0,0],[45000,3,0],[45600,0,0],[45800,3,0],[46000,1,0],[46200,2,0]],"typeOfSection":0,"altAnim":true,"mustHitSection":false,"changeBPM":false,"bpm":150},{"lengthInSteps":16,"sectionNotes":[[46400,7,300],[46400,0,0],[46800,3,0],[47000,0,0],[46600,3,0],[47200,0,0],[47400,3,0],[47600,1,0]],"typeOfSection":0,"mustHitSection":true,"changeBPM":false,"bpm":150},{"lengthInSteps":16,"sectionNotes":[[48200,0,0],[48600,0,0],[49000,0,0],[49400,1,0],[49200,2,0]],"typeOfSection":0,"mustHitSection":false,"changeBPM":false,"bpm":150},{"lengthInSteps":16,"sectionNotes":[[49800,0,0],[50200,0,0],[50600,0,0],[50800,3,0],[51000,2,0]],"typeOfSection":0,"mustHitSection":false,"changeBPM":false,"bpm":150},{"lengthInSteps":16,"sectionNotes":[[51400,0,0],[51800,0,0],[52200,0,0],[52600,1,0],[52400,2,0]],"typeOfSection":0,"mustHitSection":false,"changeBPM":false,"bpm":150},{"lengthInSteps":16,"sectionNotes":[[53000,0,0],[53400,0,0],[53800,0,0],[54000,3,0],[54200,2,0]],"typeOfSection":0,"mustHitSection":false,"changeBPM":false,"bpm":150},{"lengthInSteps":16,"sectionNotes":[[54600,0,0],[55000,0,0],[55400,0,0],[55800,1,0],[55600,2,0]],"typeOfSection":0,"mustHitSection":true,"changeBPM":false,"bpm":150},{"lengthInSteps":16,"sectionNotes":[[56200,0,0],[56600,0,0],[57000,0,0],[57200,3,0],[57400,2,0]],"typeOfSection":0,"mustHitSection":true,"changeBPM":false,"bpm":150},{"lengthInSteps":16,"sectionNotes":[[57800,0,0],[58200,0,0],[58600,0,0],[59000,1,0],[58800,2,0]],"typeOfSection":0,"mustHitSection":true,"changeBPM":false,"bpm":150},{"lengthInSteps":16,"sectionNotes":[[59400,0,0],[59800,0,0],[60200,0,0],[60400,3,0],[60600,2,0]],"typeOfSection":0,"mustHitSection":true,"changeBPM":false,"bpm":150},{"lengthInSteps":16,"sectionNotes":[[60800,2,0],[61000,3,0],[61200,0,0],[61600,1,0],[61800,0,0],[62000,1,0],[61400,3,0],[62200,3,0]],"typeOfSection":0,"altAnim":true,"mustHitSection":false,"changeBPM":false,"bpm":150},{"lengthInSteps":16,"sectionNotes":[[62400,0,0],[62800,0,0],[63600,3,200],[62600,3,0],[63000,0,100],[63200,2,0],[63400,0,0]],"typeOfSection":0,"altAnim":true,"mustHitSection":false,"changeBPM":false,"bpm":150},{"lengthInSteps":16,"sectionNotes":[[64000,2,0],[64200,3,0],[64400,0,0],[64800,1,0],[65000,0,0],[65200,1,0],[64600,3,0],[65400,3,0]],"typeOfSection":0,"mustHitSection":true,"changeBPM":false,"bpm":150},{"lengthInSteps":16,"sectionNotes":[[65600,0,0],[66000,0,0],[66800,3,200],[65800,3,0],[66200,0,100],[66400,2,0],[66600,0,0]],"typeOfSection":0,"mustHitSection":true,"changeBPM":false,"bpm":150},{"lengthInSteps":16,"sectionNotes":[[67200,1,0],[67400,3,0],[67600,0,200],[68000,1,0],[68400,1,0],[68200,3,0],[68600,0,0]],"typeOfSection":0,"altAnim":true,"mustHitSection":false,"changeBPM":false,"bpm":150},{"lengthInSteps":16,"sectionNotes":[[68800,3,0],[70000,2,300],[69000,1,0],[69200,3,0],[69300,0,0],[69400,3,0],[69600,2,200]],"typeOfSection":0,"altAnim":true,"mustHitSection":false,"changeBPM":false,"bpm":150},{"lengthInSteps":16,"sectionNotes":[[70400,1,0],[70600,3,0],[70800,0,200],[71200,1,0],[71600,1,0],[71400,3,0],[71800,0,0]],"typeOfSection":0,"mustHitSection":true,"changeBPM":false,"bpm":150},{"lengthInSteps":16,"sectionNotes":[[72000,3,0],[73200,2,300],[72200,1,0],[72400,3,0],[72500,0,0],[72600,3,0],[72800,2,200]],"typeOfSection":0,"mustHitSection":true,"changeBPM":false,"bpm":150},{"lengthInSteps":16,"sectionNotes":[[73800,4,0],[74000,7,0],[74400,7,0],[74600,4,0],[74800,7,0],[74200,4,0],[75000,4,0],[73600,2,0],[75000,2,0],[74000,1,0],[73800,3,0],[74400,1,0],[74800,3,0]],"typeOfSection":0,"mustHitSection":true,"changeBPM":false,"bpm":150},{"lengthInSteps":16,"sectionNotes":[[75400,4,0],[75600,7,0],[76000,7,0],[76200,4,0],[76400,7,0],[76600,4,0],[75200,7,0],[75800,4,0],[75400,0,0],[75800,0,0],[76200,0,0],[76600,3,400],[76400,1,0]],"typeOfSection":0,"mustHitSection":true,"changeBPM":false,"bpm":150},{"lengthInSteps":16,"sectionNotes":[[77000,4,0],[77200,7,0],[77600,7,0],[77800,4,0],[78000,7,0],[77400,4,0],[78200,4,0],[77200,2,200],[77600,3,200],[78000,2,0],[78200,3,0]],"typeOfSection":0,"mustHitSection":true,"changeBPM":false,"bpm":150},{"lengthInSteps":16,"sectionNotes":[[78600,4,0],[78800,7,0],[79200,4,0],[79000,4,0],[79400,7,0],[79600,4,0],[79800,7,0],[79600,2,300],[79400,0,0],[78600,3,0],[79000,0,0]],"typeOfSection":0,"mustHitSection":true,"changeBPM":false,"bpm":150},{"lengthInSteps":16,"sectionNotes":[[80000,6,0],[81400,6,0],[80400,5,0],[80200,7,0],[80500,7,0],[80800,5,0],[81200,7,0],[80200,0,0],[80400,3,0],[80800,3,0],[81000,0,0],[81200,3,0],[80600,0,0],[81400,0,0]],"typeOfSection":0,"altAnim":true,"mustHitSection":true,"changeBPM":false,"bpm":150},{"lengthInSteps":16,"sectionNotes":[[81800,4,0],[82200,4,0],[82600,4,0],[83000,7,400],[82800,5,0],[81800,0,0],[82000,3,0],[82400,3,0],[82600,0,0],[82800,3,0],[83000,0,0],[81600,3,0],[82200,0,0]],"typeOfSection":0,"altAnim":true,"mustHitSection":true,"changeBPM":false,"bpm":150},{"lengthInSteps":16,"sectionNotes":[[83600,6,200],[84000,7,200],[84400,6,0],[84600,7,0],[83400,0,0],[83600,3,0],[84000,3,0],[84200,0,0],[84400,3,0],[83800,0,0],[84600,0,0]],"typeOfSection":0,"altAnim":true,"mustHitSection":true,"changeBPM":false,"bpm":150},{"lengthInSteps":16,"sectionNotes":[[86000,6,300],[85800,4,0],[85000,7,0],[85400,4,0],[85000,0,0],[85200,3,0],[85600,0,0],[85400,0,0],[85800,3,0],[86000,0,0],[86200,3,0]],"typeOfSection":0,"altAnim":true,"mustHitSection":true,"changeBPM":false,"bpm":150},{"lengthInSteps":16,"sectionNotes":[[86400,7,300],[86400,0,0],[86800,3,0],[87000,0,0],[86600,3,0],[87200,0,0],[87400,3,0],[87600,1,0]],"typeOfSection":0,"altAnim":true,"mustHitSection":false,"changeBPM":false,"bpm":150},{"lengthInSteps":16,"sectionNotes":[[88000,7,300],[88000,0,0],[88400,3,0],[88600,0,0],[88200,3,0],[88800,0,0],[89000,3,0],[89200,1,0]],"typeOfSection":0,"mustHitSection":true,"changeBPM":false,"bpm":150},{"lengthInSteps":16,"sectionNotes":[[89600,7,300],[89600,0,0],[90000,3,0],[90200,0,0],[89800,3,0],[90400,0,0],[90600,3,0],[90800,1,0]],"typeOfSection":0,"altAnim":true,"mustHitSection":false,"changeBPM":false,"bpm":150},{"lengthInSteps":16,"sectionNotes":[[91200,7,300],[91200,0,0],[91600,3,0],[91800,0,0],[91400,3,0],[92000,0,0],[92200,3,0],[92400,1,0]],"typeOfSection":0,"mustHitSection":true,"changeBPM":false,"bpm":150},{"lengthInSteps":16,"sectionNotes":[[92800,0,700]],"typeOfSection":0,"mustHitSection":true,"changeBPM":false,"bpm":150},{"lengthInSteps":16,"sectionNotes":[],"typeOfSection":0,"mustHitSection":true,"changeBPM":false,"bpm":150},{"lengthInSteps":16,"sectionNotes":[],"typeOfSection":0,"altAnim":false,"mustHitSection":true,"changeBPM":false,"bpm":150},{"lengthInSteps":16,"sectionNotes":[],"typeOfSection":0,"altAnim":false,"mustHitSection":true,"changeBPM":false,"bpm":150},{"lengthInSteps":16,"sectionNotes":[],"typeOfSection":0,"altAnim":false,"mustHitSection":true,"changeBPM":false,"bpm":150},{"lengthInSteps":16,"sectionNotes":[],"typeOfSection":0,"altAnim":false,"mustHitSection":true,"changeBPM":false,"bpm":150},{"sectionNotes":[],"typeOfSection":0,"lengthInSteps":16,"altAnim":false,"mustHitSection":true,"changeBPM":false,"bpm":150},{"lengthInSteps":16,"altAnim":false,"typeOfSection":0,"sectionNotes":[],"bpm":150,"changeBPM":false,"mustHitSection":true}],"player2":"parents-christmas","song":"Eggnog","validScore":true,"sections":0,"needsVoices":true,"bpm":150,"speed":1.4}}