{"notes":[{"lengthInSteps":16,"sectionNotes":[[0,3,0],[400,0,0],[800,2,200],[1200,1,300]],"typeOfSection":0,"altAnim":false,"mustHitSection":false,"changeBPM":false,"bpm":150},{"lengthInSteps":16,"sectionNotes":[[1600,0,400],[2200,1,900]],"typeOfSection":0,"altAnim":false,"mustHitSection":false,"changeBPM":false,"bpm":144},{"lengthInSteps":16,"sectionNotes":[[3200,3,0],[3600,0,0],[4000,2,200],[4400,1,300]],"typeOfSection":0,"altAnim":false,"mustHitSection":true,"changeBPM":false,"bpm":144},{"lengthInSteps":16,"sectionNotes":[[4800,0,300],[5200,3,100],[5400,1,300],[6000,0,300]],"typeOfSection":0,"altAnim":false,"mustHitSection":true,"changeBPM":false,"bpm":144},{"lengthInSteps":16,"sectionNotes":[[6400,0,300],[6800,3,100],[6400,4,300],[6800,7,100],[7600,0,300],[7600,4,300],[7200,7,300],[7200,3,300]],"typeOfSection":0,"altAnim":false,"mustHitSection":false,"changeBPM":false,"bpm":144},{"lengthInSteps":16,"sectionNotes":[[8000,0,300],[8400,3,100],[9200,0,300],[8600,1,300],[8000,4,300],[8400,7,100],[8600,5,300],[9200,4,300]],"typeOfSection":0,"altAnim":false,"mustHitSection":true,"changeBPM":false,"bpm":144},{"lengthInSteps":16,"sectionNotes":[[9600,2,300],[10000,1,300],[9600,6,300],[10000,5,300],[10400,3,0],[10400,4,0],[10800,4,300],[10800,3,300]],"typeOfSection":0,"altAnim":false,"mustHitSection":false,"changeBPM":false,"bpm":144},{"lengthInSteps":16,"sectionNotes":[[12000,2,0],[12400,1,0],[12000,6,0],[12400,5,0],[11200,4,0],[11200,3,0],[11400,7,0],[11400,0,0],[11600,4,0],[11600,3,0],[12200,4,0],[12200,3,0]],"typeOfSection":0,"altAnim":false,"mustHitSection":true,"changeBPM":false,"bpm":144},{"lengthInSteps":16,"sectionNotes":[[13200,0,300],[13600,1,500],[14200,3,500]],"typeOfSection":0,"altAnim":false,"mustHitSection":false,"changeBPM":false,"bpm":144},{"lengthInSteps":16,"sectionNotes":[[15400,3,0],[15600,1,300],[15000,0,300]],"typeOfSection":0,"altAnim":false,"mustHitSection":false,"changeBPM":false,"bpm":144},{"lengthInSteps":16,"sectionNotes":[[16000,3,300],[16400,1,100],[16600,0,900]],"typeOfSection":0,"altAnim":false,"mustHitSection":false,"changeBPM":false,"bpm":144},{"lengthInSteps":16,"sectionNotes":[[17600,0,600],[18300,2,400],[18800,3,300]],"typeOfSection":0,"altAnim":false,"mustHitSection":false,"changeBPM":false,"bpm":144},{"lengthInSteps":16,"sectionNotes":[[19600,0,300],[20000,1,500],[20600,3,500],[19200,6,400]],"typeOfSection":0,"altAnim":false,"mustHitSection":true,"changeBPM":false,"bpm":144},{"lengthInSteps":16,"sectionNotes":[[21800,3,0],[22000,1,300],[21400,0,300]],"typeOfSection":0,"altAnim":false,"mustHitSection":true,"changeBPM":false,"bpm":144},{"lengthInSteps":16,"sectionNotes":[[22400,3,300],[22800,1,100],[23000,0,900]],"typeOfSection":0,"altAnim":false,"mustHitSection":true,"changeBPM":false,"bpm":144},{"lengthInSteps":16,"sectionNotes":[[24000,0,600],[24700,2,400],[25200,3,300]],"typeOfSection":0,"altAnim":false,"mustHitSection":true,"changeBPM":false,"bpm":144},{"lengthInSteps":16,"sectionNotes":[[25600,1,0],[25900,3,0],[25800,0,0],[26000,2,0],[26200,3,0],[26400,0,0],[26800,2,0],[27000,3,0],[25600,4,700],[26400,7,700]],"typeOfSection":0,"altAnim":false,"mustHitSection":false,"changeBPM":false,"bpm":144},{"lengthInSteps":16,"sectionNotes":[[27600,7,300],[27200,4,100],[28000,4,0],[28400,5,300],[27200,1,700],[28000,3,700]],"typeOfSection":0,"altAnim":false,"mustHitSection":true,"changeBPM":false,"bpm":144},{"lengthInSteps":16,"sectionNotes":[[28800,3,300],[29200,1,100],[29400,2,700],[30200,3,500],[28800,4,700],[29600,7,700]],"typeOfSection":0,"altAnim":false,"mustHitSection":false,"changeBPM":false,"bpm":144},{"lengthInSteps":16,"sectionNotes":[[30800,6,0],[31200,4,0],[31400,5,0],[31600,7,300],[30400,2,700],[31200,0,700]],"typeOfSection":0,"altAnim":false,"mustHitSection":true,"changeBPM":false,"bpm":144},{"lengthInSteps":16,"sectionNotes":[[32000,1,0],[32300,3,0],[32200,0,0],[32400,2,0],[32600,3,0],[32800,0,0],[33200,2,0],[33400,3,0]],"typeOfSection":0,"altAnim":false,"mustHitSection":true,"changeBPM":false,"bpm":144},{"lengthInSteps":16,"sectionNotes":[[34000,3,300],[33600,0,100],[34400,0,0],[34800,1,300]],"typeOfSection":0,"altAnim":false,"mustHitSection":true,"changeBPM":false,"bpm":144},{"lengthInSteps":16,"sectionNotes":[[35200,3,300],[35600,1,100],[35800,2,700],[36600,3,500]],"typeOfSection":0,"altAnim":false,"mustHitSection":true,"changeBPM":false,"bpm":144},{"lengthInSteps":16,"sectionNotes":[[37200,2,0],[37800,1,0],[38000,3,300],[37600,0,0]],"typeOfSection":0,"altAnim":false,"mustHitSection":true,"changeBPM":false,"bpm":144},{"lengthInSteps":16,"sectionNotes":[[39800,3,500],[38800,0,0],[39000,0,0],[39200,1,300],[39600,0,100],[38400,6,300],[38400,2,300]],"typeOfSection":0,"altAnim":false,"mustHitSection":false,"changeBPM":false,"bpm":144},{"lengthInSteps":16,"sectionNotes":[[40600,1,300],[41000,3,300],[41400,1,100]],"typeOfSection":0,"altAnim":false,"mustHitSection":false,"changeBPM":false,"bpm":144},{"lengthInSteps":16,"sectionNotes":[[41600,3,300],[42000,2,0],[42200,0,300],[42800,0,100],[43000,2,100]],"typeOfSection":0,"altAnim":false,"mustHitSection":false,"changeBPM":false,"bpm":144},{"lengthInSteps":16,"sectionNotes":[[43200,0,100],[43600,0,100],[43800,3,100],[44000,2,100],[44200,0,100],[44400,3,100],[44600,1,100],[43400,3,100]],"typeOfSection":0,"altAnim":false,"mustHitSection":false,"changeBPM":false,"bpm":144},{"lengthInSteps":16,"sectionNotes":[[46200,3,500],[45200,0,0],[45400,0,0],[45600,1,300],[46000,0,100],[44800,6,300],[44800,2,300]],"typeOfSection":0,"altAnim":false,"mustHitSection":true,"changeBPM":false,"bpm":144},{"lengthInSteps":16,"sectionNotes":[[47000,1,300],[47400,3,300],[47800,1,100]],"typeOfSection":0,"altAnim":false,"mustHitSection":true,"changeBPM":false,"bpm":144},{"lengthInSteps":16,"sectionNotes":[[48000,3,300],[48400,2,0],[48600,0,300],[49200,0,100],[49400,2,100]],"typeOfSection":0,"altAnim":false,"mustHitSection":true,"changeBPM":false,"bpm":144},{"lengthInSteps":16,"sectionNotes":[[49600,0,100],[50000,0,100],[50200,3,100],[50400,2,100],[50600,0,100],[50800,3,100],[51000,1,100],[49800,3,100]],"typeOfSection":0,"altAnim":false,"mustHitSection":true,"changeBPM":false,"bpm":144},{"lengthInSteps":16,"sectionNotes":[[51200,3,0],[51600,0,0],[52000,2,200],[52400,1,300],[51200,6,300]],"typeOfSection":0,"altAnim":false,"mustHitSection":false,"changeBPM":false,"bpm":144},{"lengthInSteps":16,"sectionNotes":[[52800,0,400],[53400,1,900]],"typeOfSection":0,"altAnim":false,"mustHitSection":false,"changeBPM":false,"bpm":144},{"lengthInSteps":16,"sectionNotes":[[54400,3,0],[54800,0,0],[55200,2,200],[55600,1,300]],"typeOfSection":0,"altAnim":false,"mustHitSection":true,"changeBPM":false,"bpm":144},{"lengthInSteps":16,"sectionNotes":[[56000,0,300],[56400,3,100],[56600,1,300],[57200,0,300]],"typeOfSection":0,"altAnim":false,"mustHitSection":true,"changeBPM":false,"bpm":144},{"lengthInSteps":16,"sectionNotes":[[57600,0,300],[58000,3,100],[57600,4,300],[58000,7,100],[58800,0,300],[58800,4,300],[58400,7,300],[58400,3,300]],"typeOfSection":0,"altAnim":false,"mustHitSection":true,"changeBPM":false,"bpm":144},{"lengthInSteps":16,"sectionNotes":[[59200,0,300],[59600,3,100],[60400,0,300],[59800,1,300],[59200,4,300],[59600,7,100],[59800,5,300],[60400,4,300]],"typeOfSection":0,"altAnim":false,"mustHitSection":true,"changeBPM":false,"bpm":144},{"lengthInSteps":16,"sectionNotes":[[60800,2,300],[61200,1,300],[60800,6,300],[61200,5,300],[61600,3,0],[61600,4,0],[62000,4,300],[62000,3,300]],"typeOfSection":0,"altAnim":false,"mustHitSection":false,"changeBPM":false,"bpm":144},{"lengthInSteps":16,"sectionNotes":[[63200,2,0],[63600,1,0],[63200,6,0],[63600,5,0],[62400,4,0],[62400,3,0],[62600,7,0],[62600,0,0],[62800,4,0],[62800,3,0],[63400,4,0],[63400,3,0]],"typeOfSection":0,"altAnim":false,"mustHitSection":true,"changeBPM":false,"bpm":144},{"lengthInSteps":16,"sectionNotes":[[64000,1,0],[64200,2,0],[64400,0,0],[64800,1,0],[65000,2,0],[65200,0,0]],"typeOfSection":0,"altAnim":false,"mustHitSection":false,"changeBPM":false,"bpm":144},{"lengthInSteps":16,"sectionNotes":[[65600,2,0],[65800,1,0],[66000,3,0],[66400,3,0],[66600,0,0],[66800,3,300]],"typeOfSection":0,"altAnim":false,"mustHitSection":false,"changeBPM":false,"bpm":144},{"lengthInSteps":16,"sectionNotes":[[67200,1,0],[67400,2,0],[67600,0,0],[68000,1,0],[68200,2,0],[68400,0,0]],"typeOfSection":0,"altAnim":false,"mustHitSection":true,"changeBPM":false,"bpm":144},{"lengthInSteps":16,"sectionNotes":[[68800,2,0],[69000,1,0],[69200,3,0],[69600,3,0],[69800,0,0],[70000,3,300]],"typeOfSection":0,"altAnim":false,"mustHitSection":true,"changeBPM":false,"bpm":144},{"lengthInSteps":16,"sectionNotes":[[70400,2,0],[70600,1,0],[70800,3,0],[71000,0,0],[71200,2,0],[71400,1,0],[71600,3,0],[71800,0,0],[71900,3,0]],"typeOfSection":0,"altAnim":false,"mustHitSection":false,"changeBPM":false,"bpm":144},{"lengthInSteps":16,"sectionNotes":[[72000,1,0],[72200,2,0],[72400,0,0],[72600,3,0],[72800,0,0],[73200,0,300]],"typeOfSection":0,"altAnim":false,"mustHitSection":false,"changeBPM":false,"bpm":144},{"lengthInSteps":16,"sectionNotes":[[73600,1,0],[73800,2,0],[74000,0,0],[74400,1,0],[74600,2,0],[74800,0,0]],"typeOfSection":0,"altAnim":false,"mustHitSection":true,"changeBPM":false,"bpm":144},{"lengthInSteps":16,"sectionNotes":[[75200,2,0],[75400,1,0],[75600,3,0],[76000,3,0],[76200,0,0],[76400,3,300]],"typeOfSection":0,"altAnim":false,"mustHitSection":true,"changeBPM":false,"bpm":144},{"lengthInSteps":16,"sectionNotes":[[78200,3,500],[77200,0,0],[77400,0,0],[77600,1,300],[78000,0,100],[76800,2,300]],"typeOfSection":0,"altAnim":false,"mustHitSection":false,"changeBPM":false,"bpm":144},{"lengthInSteps":16,"sectionNotes":[[79000,1,300],[79400,3,300],[79800,1,100]],"typeOfSection":0,"altAnim":false,"mustHitSection":false,"changeBPM":false,"bpm":144},{"lengthInSteps":16,"sectionNotes":[[80000,3,300],[80400,2,0],[80600,0,300],[81200,0,100],[81400,2,100]],"typeOfSection":0,"altAnim":false,"mustHitSection":false,"changeBPM":false,"bpm":144},{"lengthInSteps":16,"sectionNotes":[[81600,0,100],[82000,0,100],[82200,3,100],[82400,2,100],[82600,0,100],[82800,3,100],[83000,1,100],[81800,3,100]],"typeOfSection":0,"altAnim":false,"mustHitSection":false,"changeBPM":false,"bpm":144},{"lengthInSteps":16,"sectionNotes":[[84600,3,500],[83600,0,0],[83800,0,0],[84000,1,300],[84400,0,100],[83200,6,300],[83200,2,300]],"typeOfSection":0,"altAnim":false,"mustHitSection":true,"changeBPM":false,"bpm":144},{"lengthInSteps":16,"sectionNotes":[[85400,1,300],[85800,3,300],[86200,1,100]],"typeOfSection":0,"altAnim":false,"mustHitSection":true,"changeBPM":false,"bpm":144},{"lengthInSteps":16,"sectionNotes":[[86400,3,300],[86800,2,0],[87000,0,300],[87600,0,100],[87800,2,100]],"typeOfSection":0,"altAnim":false,"mustHitSection":true,"changeBPM":false,"bpm":144},{"lengthInSteps":16,"sectionNotes":[[88000,0,100],[88400,0,100],[88600,3,100],[88800,2,100],[89000,0,100],[89200,3,100],[89400,1,100],[88200,3,100]],"typeOfSection":0,"altAnim":false,"mustHitSection":true,"changeBPM":false,"bpm":144},{"lengthInSteps":16,"sectionNotes":[[89600,4,752.083333333333],[89600,0,752.083333333333]],"typeOfSection":0,"altAnim":false,"mustHitSection":true,"changeBPM":false,"bpm":144},{"lengthInSteps":16,"sectionNotes":[],"typeOfSection":0,"altAnim":false,"mustHitSection":true,"changeBPM":false,"bpm":144},{"lengthInSteps":16,"sectionNotes":[],"typeOfSection":0,"altAnim":false,"mustHitSection":false,"changeBPM":false,"bpm":144},{"lengthInSteps":16,"sectionNotes":[],"typeOfSection":0,"altAnim":false,"mustHitSection":false,"changeBPM":false,"bpm":144},{"lengthInSteps":16,"sectionNotes":[],"typeOfSection":0,"altAnim":false,"mustHitSection":false,"changeBPM":false,"bpm":144},{"lengthInSteps":16,"sectionNotes":[],"typeOfSection":0,"altAnim":false,"mustHitSection":false,"changeBPM":false,"bpm":144},{"lengthInSteps":16,"sectionNotes":[],"typeOfSection":0,"altAnim":false,"mustHitSection":false,"changeBPM":false,"bpm":144},{"lengthInSteps":16,"sectionNotes":[],"typeOfSection":0,"altAnim":false,"mustHitSection":false,"changeBPM":false,"bpm":144},{"lengthInSteps":16,"sectionNotes":[],"typeOfSection":0,"altAnim":false,"mustHitSection":false,"changeBPM":false,"bpm":144},{"lengthInSteps":16,"sectionNotes":[],"typeOfSection":0,"altAnim":false,"mustHitSection":false,"changeBPM":false,"bpm":144},{"lengthInSteps":16,"sectionNotes":[],"typeOfSection":0,"altAnim":false,"mustHitSection":false,"changeBPM":false,"bpm":144},{"sectionNotes":[],"typeOfSection":0,"lengthInSteps":16,"altAnim":false,"mustHitSection":true,"changeBPM":false,"bpm":144},{"lengthInSteps":16,"altAnim":false,"typeOfSection":0,"sectionNotes":[],"bpm":150,"changeBPM":false,"mustHitSection":true}],"sections":69,"bpm":150,"song":{"player1":"bf-pixel","sectionLengths":[],"notes":[{"lengthInSteps":16,"sectionNotes":[[0,3,0],[400,0,0],[800,2,200],[1200,1,300]],"typeOfSection":0,"altAnim":false,"mustHitSection":false,"changeBPM":false,"bpm":150},{"lengthInSteps":16,"sectionNotes":[[1600,0,400],[2200,1,900]],"typeOfSection":0,"altAnim":false,"mustHitSection":false,"changeBPM":false,"bpm":144},{"lengthInSteps":16,"sectionNotes":[[3200,3,0],[3600,0,0],[4000,2,200],[4400,1,300]],"typeOfSection":0,"altAnim":false,"mustHitSection":true,"changeBPM":false,"bpm":144},{"lengthInSteps":16,"sectionNotes":[[4800,0,300],[5200,3,100],[5400,1,300],[6000,0,300]],"typeOfSection":0,"altAnim":false,"mustHitSection":true,"changeBPM":false,"bpm":144},{"lengthInSteps":16,"sectionNotes":[[6400,0,300],[6800,3,100],[6400,4,300],[6800,7,100],[7600,0,300],[7600,4,300],[7200,7,300],[7200,3,300]],"typeOfSection":0,"altAnim":false,"mustHitSection":false,"changeBPM":false,"bpm":144},{"lengthInSteps":16,"sectionNotes":[[8000,0,300],[8400,3,100],[9200,0,300],[8600,1,300],[8000,4,300],[8400,7,100],[8600,5,300],[9200,4,300]],"typeOfSection":0,"altAnim":false,"mustHitSection":true,"changeBPM":false,"bpm":144},{"lengthInSteps":16,"sectionNotes":[[9600,2,300],[10000,1,300],[9600,6,300],[10000,5,300],[10400,3,0],[10400,4,0],[10800,4,300],[10800,3,300]],"typeOfSection":0,"altAnim":false,"mustHitSection":false,"changeBPM":false,"bpm":144},{"lengthInSteps":16,"sectionNotes":[[12000,2,0],[12400,1,0],[12000,6,0],[12400,5,0],[11200,4,0],[11200,3,0],[11400,7,0],[11400,0,0],[11600,4,0],[11600,3,0],[12200,4,0],[12200,3,0]],"typeOfSection":0,"altAnim":false,"mustHitSection":true,"changeBPM":false,"bpm":144},{"lengthInSteps":16,"sectionNotes":[[13200,0,300],[13600,1,500],[14200,3,500]],"typeOfSection":0,"altAnim":false,"mustHitSection":false,"changeBPM":false,"bpm":144},{"lengthInSteps":16,"sectionNotes":[[15400,3,0],[15600,1,300],[15000,0,300]],"typeOfSection":0,"altAnim":false,"mustHitSection":false,"changeBPM":false,"bpm":144},{"lengthInSteps":16,"sectionNotes":[[16000,3,300],[16400,1,100],[16600,0,900]],"typeOfSection":0,"altAnim":false,"mustHitSection":false,"changeBPM":false,"bpm":144},{"lengthInSteps":16,"sectionNotes":[[17600,0,600],[18300,2,400],[18800,3,300]],"typeOfSection":0,"altAnim":false,"mustHitSection":false,"changeBPM":false,"bpm":144},{"lengthInSteps":16,"sectionNotes":[[19600,0,300],[20000,1,500],[20600,3,500],[19200,6,400]],"typeOfSection":0,"altAnim":false,"mustHitSection":true,"changeBPM":false,"bpm":144},{"lengthInSteps":16,"sectionNotes":[[21800,3,0],[22000,1,300],[21400,0,300]],"typeOfSection":0,"altAnim":false,"mustHitSection":true,"changeBPM":false,"bpm":144},{"lengthInSteps":16,"sectionNotes":[[22400,3,300],[22800,1,100],[23000,0,900]],"typeOfSection":0,"altAnim":false,"mustHitSection":true,"changeBPM":false,"bpm":144},{"lengthInSteps":16,"sectionNotes":[[24000,0,600],[24700,2,400],[25200,3,300]],"typeOfSection":0,"altAnim":false,"mustHitSection":true,"changeBPM":false,"bpm":144},{"lengthInSteps":16,"sectionNotes":[[25600,1,0],[25900,3,0],[25800,0,0],[26000,2,0],[26200,3,0],[26400,0,0],[26800,2,0],[27000,3,0],[25600,4,700],[26400,7,700]],"typeOfSection":0,"altAnim":false,"mustHitSection":false,"changeBPM":false,"bpm":144},{"lengthInSteps":16,"sectionNotes":[[27600,7,300],[27200,4,100],[28000,4,0],[28400,5,300],[27200,1,700],[28000,3,700]],"typeOfSection":0,"altAnim":false,"mustHitSection":true,"changeBPM":false,"bpm":144},{"lengthInSteps":16,"sectionNotes":[[28800,3,300],[29200,1,100],[29400,2,700],[30200,3,500],[28800,4,700],[29600,7,700]],"typeOfSection":0,"altAnim":false,"mustHitSection":false,"changeBPM":false,"bpm":144},{"lengthInSteps":16,"sectionNotes":[[30800,6,0],[31200,4,0],[31400,5,0],[31600,7,300],[30400,2,700],[31200,0,700]],"typeOfSection":0,"altAnim":false,"mustHitSection":true,"changeBPM":false,"bpm":144},{"lengthInSteps":16,"sectionNotes":[[32000,1,0],[32300,3,0],[32200,0,0],[32400,2,0],[32600,3,0],[32800,0,0],[33200,2,0],[33400,3,0]],"typeOfSection":0,"altAnim":false,"mustHitSection":true,"changeBPM":false,"bpm":144},{"lengthInSteps":16,"sectionNotes":[[34000,3,300],[33600,0,100],[34400,0,0],[34800,1,300]],"typeOfSection":0,"altAnim":false,"mustHitSection":true,"changeBPM":false,"bpm":144},{"lengthInSteps":16,"sectionNotes":[[35200,3,300],[35600,1,100],[35800,2,700],[36600,3,500]],"typeOfSection":0,"altAnim":false,"mustHitSection":true,"changeBPM":false,"bpm":144},{"lengthInSteps":16,"sectionNotes":[[37200,2,0],[37800,1,0],[38000,3,300],[37600,0,0]],"typeOfSection":0,"altAnim":false,"mustHitSection":true,"changeBPM":false,"bpm":144},{"lengthInSteps":16,"sectionNotes":[[39800,3,500],[38800,0,0],[39000,0,0],[39200,1,300],[39600,0,100],[38400,6,300],[38400,2,300]],"typeOfSection":0,"altAnim":false,"mustHitSection":false,"changeBPM":false,"bpm":144},{"lengthInSteps":16,"sectionNotes":[[40600,1,300],[41000,3,300],[41400,1,100]],"typeOfSection":0,"altAnim":false,"mustHitSection":false,"changeBPM":false,"bpm":144},{"lengthInSteps":16,"sectionNotes":[[41600,3,300],[42000,2,0],[42200,0,300],[42800,0,100],[43000,2,100]],"typeOfSection":0,"altAnim":false,"mustHitSection":false,"changeBPM":false,"bpm":144},{"lengthInSteps":16,"sectionNotes":[[43200,0,100],[43600,0,100],[43800,3,100],[44000,2,100],[44200,0,100],[44400,3,100],[44600,1,100],[43400,3,100]],"typeOfSection":0,"altAnim":false,"mustHitSection":false,"changeBPM":false,"bpm":144},{"lengthInSteps":16,"sectionNotes":[[46200,3,500],[45200,0,0],[45400,0,0],[45600,1,300],[46000,0,100],[44800,6,300],[44800,2,300]],"typeOfSection":0,"altAnim":false,"mustHitSection":true,"changeBPM":false,"bpm":144},{"lengthInSteps":16,"sectionNotes":[[47000,1,300],[47400,3,300],[47800,1,100]],"typeOfSection":0,"altAnim":false,"mustHitSection":true,"changeBPM":false,"bpm":144},{"lengthInSteps":16,"sectionNotes":[[48000,3,300],[48400,2,0],[48600,0,300],[49200,0,100],[49400,2,100]],"typeOfSection":0,"altAnim":false,"mustHitSection":true,"changeBPM":false,"bpm":144},{"lengthInSteps":16,"sectionNotes":[[49600,0,100],[50000,0,100],[50200,3,100],[50400,2,100],[50600,0,100],[50800,3,100],[51000,1,100],[49800,3,100]],"typeOfSection":0,"altAnim":false,"mustHitSection":true,"changeBPM":false,"bpm":144},{"lengthInSteps":16,"sectionNotes":[[51200,3,0],[51600,0,0],[52000,2,200],[52400,1,300],[51200,6,300]],"typeOfSection":0,"altAnim":false,"mustHitSection":false,"changeBPM":false,"bpm":144},{"lengthInSteps":16,"sectionNotes":[[52800,0,400],[53400,1,900]],"typeOfSection":0,"altAnim":false,"mustHitSection":false,"changeBPM":false,"bpm":144},{"lengthInSteps":16,"sectionNotes":[[54400,3,0],[54800,0,0],[55200,2,200],[55600,1,300]],"typeOfSection":0,"altAnim":false,"mustHitSection":true,"changeBPM":false,"bpm":144},{"lengthInSteps":16,"sectionNotes":[[56000,0,300],[56400,3,100],[56600,1,300],[57200,0,300]],"typeOfSection":0,"altAnim":false,"mustHitSection":true,"changeBPM":false,"bpm":144},{"lengthInSteps":16,"sectionNotes":[[57600,0,300],[58000,3,100],[57600,4,300],[58000,7,100],[58800,0,300],[58800,4,300],[58400,7,300],[58400,3,300]],"typeOfSection":0,"altAnim":false,"mustHitSection":true,"changeBPM":false,"bpm":144},{"lengthInSteps":16,"sectionNotes":[[59200,0,300],[59600,3,100],[60400,0,300],[59800,1,300],[59200,4,300],[59600,7,100],[59800,5,300],[60400,4,300]],"typeOfSection":0,"altAnim":false,"mustHitSection":true,"changeBPM":false,"bpm":144},{"lengthInSteps":16,"sectionNotes":[[60800,2,300],[61200,1,300],[60800,6,300],[61200,5,300],[61600,3,0],[61600,4,0],[62000,4,300],[62000,3,300]],"typeOfSection":0,"altAnim":false,"mustHitSection":false,"changeBPM":false,"bpm":144},{"lengthInSteps":16,"sectionNotes":[[63200,2,0],[63600,1,0],[63200,6,0],[63600,5,0],[62400,4,0],[62400,3,0],[62600,7,0],[62600,0,0],[62800,4,0],[62800,3,0],[63400,4,0],[63400,3,0]],"typeOfSection":0,"altAnim":false,"mustHitSection":true,"changeBPM":false,"bpm":144},{"lengthInSteps":16,"sectionNotes":[[64000,1,0],[64200,2,0],[64400,0,0],[64800,1,0],[65000,2,0],[65200,0,0]],"typeOfSection":0,"altAnim":false,"mustHitSection":false,"changeBPM":false,"bpm":144},{"lengthInSteps":16,"sectionNotes":[[65600,2,0],[65800,1,0],[66000,3,0],[66400,3,0],[66600,0,0],[66800,3,300]],"typeOfSection":0,"altAnim":false,"mustHitSection":false,"changeBPM":false,"bpm":144},{"lengthInSteps":16,"sectionNotes":[[67200,1,0],[67400,2,0],[67600,0,0],[68000,1,0],[68200,2,0],[68400,0,0]],"typeOfSection":0,"altAnim":false,"mustHitSection":true,"changeBPM":false,"bpm":144},{"lengthInSteps":16,"sectionNotes":[[68800,2,0],[69000,1,0],[69200,3,0],[69600,3,0],[69800,0,0],[70000,3,300]],"typeOfSection":0,"altAnim":false,"mustHitSection":true,"changeBPM":false,"bpm":144},{"lengthInSteps":16,"sectionNotes":[[70400,2,0],[70600,1,0],[70800,3,0],[71000,0,0],[71200,2,0],[71400,1,0],[71600,3,0],[71800,0,0],[71900,3,0]],"typeOfSection":0,"altAnim":false,"mustHitSection":false,"changeBPM":false,"bpm":144},{"lengthInSteps":16,"sectionNotes":[[72000,1,0],[72200,2,0],[72400,0,0],[72600,3,0],[72800,0,0],[73200,0,300]],"typeOfSection":0,"altAnim":false,"mustHitSection":false,"changeBPM":false,"bpm":144},{"lengthInSteps":16,"sectionNotes":[[73600,1,0],[73800,2,0],[74000,0,0],[74400,1,0],[74600,2,0],[74800,0,0]],"typeOfSection":0,"altAnim":false,"mustHitSection":true,"changeBPM":false,"bpm":144},{"lengthInSteps":16,"sectionNotes":[[75200,2,0],[75400,1,0],[75600,3,0],[76000,3,0],[76200,0,0],[76400,3,300]],"typeOfSection":0,"altAnim":false,"mustHitSection":true,"changeBPM":false,"bpm":144},{"lengthInSteps":16,"sectionNotes":[[78200,3,500],[77200,0,0],[77400,0,0],[77600,1,300],[78000,0,100],[76800,2,300]],"typeOfSection":0,"altAnim":false,"mustHitSection":false,"changeBPM":false,"bpm":144},{"lengthInSteps":16,"sectionNotes":[[79000,1,300],[79400,3,300],[79800,1,100]],"typeOfSection":0,"altAnim":false,"mustHitSection":false,"changeBPM":false,"bpm":144},{"lengthInSteps":16,"sectionNotes":[[80000,3,300],[80400,2,0],[80600,0,300],[81200,0,100],[81400,2,100]],"typeOfSection":0,"altAnim":false,"mustHitSection":false,"changeBPM":false,"bpm":144},{"lengthInSteps":16,"sectionNotes":[[81600,0,100],[82000,0,100],[82200,3,100],[82400,2,100],[82600,0,100],[82800,3,100],[83000,1,100],[81800,3,100]],"typeOfSection":0,"altAnim":false,"mustHitSection":false,"changeBPM":false,"bpm":144},{"lengthInSteps":16,"sectionNotes":[[84600,3,500],[83600,0,0],[83800,0,0],[84000,1,300],[84400,0,100],[83200,6,300],[83200,2,300]],"typeOfSection":0,"altAnim":false,"mustHitSection":true,"changeBPM":false,"bpm":144},{"lengthInSteps":16,"sectionNotes":[[85400,1,300],[85800,3,300],[86200,1,100]],"typeOfSection":0,"altAnim":false,"mustHitSection":true,"changeBPM":false,"bpm":144},{"lengthInSteps":16,"sectionNotes":[[86400,3,300],[86800,2,0],[87000,0,300],[87600,0,100],[87800,2,100]],"typeOfSection":0,"altAnim":false,"mustHitSection":true,"changeBPM":false,"bpm":144},{"lengthInSteps":16,"sectionNotes":[[88000,0,100],[88400,0,100],[88600,3,100],[88800,2,100],[89000,0,100],[89200,3,100],[89400,1,100],[88200,3,100]],"typeOfSection":0,"altAnim":false,"mustHitSection":true,"changeBPM":false,"bpm":144},{"lengthInSteps":16,"sectionNotes":[[89600,4,752.083333333333],[89600,0,752.083333333333]],"typeOfSection":0,"altAnim":false,"mustHitSection":true,"changeBPM":false,"bpm":144},{"lengthInSteps":16,"sectionNotes":[],"typeOfSection":0,"altAnim":false,"mustHitSection":true,"changeBPM":false,"bpm":144},{"lengthInSteps":16,"sectionNotes":[],"typeOfSection":0,"altAnim":false,"mustHitSection":false,"changeBPM":false,"bpm":144},{"lengthInSteps":16,"sectionNotes":[],"typeOfSection":0,"altAnim":false,"mustHitSection":false,"changeBPM":false,"bpm":144},{"lengthInSteps":16,"sectionNotes":[],"typeOfSection":0,"altAnim":false,"mustHitSection":false,"changeBPM":false,"bpm":144},{"lengthInSteps":16,"sectionNotes":[],"typeOfSection":0,"altAnim":false,"mustHitSection":false,"changeBPM":false,"bpm":144},{"lengthInSteps":16,"sectionNotes":[],"typeOfSection":0,"altAnim":false,"mustHitSection":false,"changeBPM":false,"bpm":144},{"lengthInSteps":16,"sectionNotes":[],"typeOfSection":0,"altAnim":false,"mustHitSection":false,"changeBPM":false,"bpm":144},{"lengthInSteps":16,"sectionNotes":[],"typeOfSection":0,"altAnim":false,"mustHitSection":false,"changeBPM":false,"bpm":144},{"lengthInSteps":16,"sectionNotes":[],"typeOfSection":0,"altAnim":false,"mustHitSection":false,"changeBPM":false,"bpm":144},{"lengthInSteps":16,"sectionNotes":[],"typeOfSection":0,"altAnim":false,"mustHitSection":false,"changeBPM":false,"bpm":144},{"sectionNotes":[],"typeOfSection":0,"lengthInSteps":16,"altAnim":false,"mustHitSection":true,"changeBPM":false,"bpm":144},{"lengthInSteps":16,"altAnim":false,"typeOfSection":0,"sectionNotes":[],"bpm":150,"changeBPM":false,"mustHitSection":true}],"player2":"senpai","song":"Senpai","validScore":true,"sections":0,"needsVoices":true,"bpm":150,"speed":1.1}}